cik,company,event_type,event_date,as_of_date,date_basis,source_accession,source_url,cohort,verification
1415404,EchoStar CORP,chapter11,2026-08-02,2026-08-03,petition_date_from_8k_text,0001415404-26-000038,https://www.sec.gov/Archives/edgar/data/1415404/000141540426000038/sats-20260728x8k.htm,recent_2025_2026,item_1.03+chapter11_text+voluntary_petition
1001233,"SANGAMO THERAPEUTICS, INC",chapter11,2026-06-23,2026-06-23,petition_date_from_8k_text,0001193125-26-278582,https://www.sec.gov/Archives/edgar/data/1001233/000119312526278582/d161847d8k.htm,recent_2025_2026,item_1.03+chapter11_text+voluntary_petition
827187,Sleep Number Corp,chapter11,2026-06-12,2026-06-12,petition_date_from_8k_text,0000950103-26-008891,https://www.sec.gov/Archives/edgar/data/827187/000095010326008891/dp248362_8k.htm,recent_2025_2026,item_1.03+chapter11_text+voluntary_petition
1808220,"GoHealth, Inc.",chapter11,2026-06-07,2026-06-08,petition_date_from_8k_text,0001628280-26-041369,https://www.sec.gov/Archives/edgar/data/1808220/000162828026041369/goco-20260605.htm,recent_2025_2026,item_1.03+chapter11_text+voluntary_petition
720154,"Inotiv, Inc.",chapter11,2026-06-03,2026-06-03,petition_date_from_8k_text,0001104659-26-069950,https://www.sec.gov/Archives/edgar/data/720154/000110465926069950/tm2616729d1_8k.htm,recent_2025_2026,item_1.03+chapter11_text+voluntary_petition
1519061,Trinseo PLC,chapter11,2026-05-26,2026-05-26,petition_date_from_8k_text,0001104659-26-066376,https://www.sec.gov/Archives/edgar/data/1519061/000110465926066376/tm2615591d1_8k.htm,recent_2025_2026,item_1.03+chapter11_text+voluntary_petition
1901799,Bitcoin Depot Inc.,chapter11,2026-05-18,2026-05-18,8k_filing_date_fallback,0001193125-26-227832,https://www.sec.gov/Archives/edgar/data/1901799/000119312526227832/d130621d8k.htm,recent_2025_2026,item_1.03+chapter11_text+voluntary_petition
1355096,"Old QVC Group, Inc.",chapter11,2026-04-16,2026-04-17,petition_date_from_8k_text,0001104659-26-044521,https://www.sec.gov/Archives/edgar/data/1355096/000110465926044521/tm2611635d1_8k.htm,recent_2025_2026,item_1.03+chapter11_text+voluntary_petition
1254699,"QVC Group, Inc.",chapter11,2026-04-16,2026-04-17,petition_date_from_8k_text,0001104659-26-044600,https://www.sec.gov/Archives/edgar/data/1254699/000110465926044600/tm2611636d1_8k.htm,recent_2025_2026,item_1.03+chapter11_text+voluntary_petition
1058623,CUMULUS MEDIA INC,chapter11,2026-03-04,2026-03-05,petition_date_from_8k_text,0001104659-26-023855,https://www.sec.gov/Archives/edgar/data/1058623/000110465926023855/tm267873d1_8k.htm,recent_2025_2026,item_1.03+chapter11_text+voluntary_petition
1532286,"Nine Energy Service, Inc.",chapter11,2026-02-01,2026-02-02,petition_date_from_8k_text,0001213900-26-010501,https://www.sec.gov/Archives/edgar/data/1532286/000121390026010501/ea0274803-8k_nineenergy.htm,recent_2025_2026,item_1.03+chapter11_text+voluntary_petition
1705012,"Fat Brands, Inc",chapter11,2026-01-26,2026-01-27,petition_date_from_8k_text,0001493152-26-003696,https://www.sec.gov/Archives/edgar/data/1705012/000149315226003696/form8-k.htm,recent_2025_2026,item_1.03+chapter11_text+voluntary_petition
1758057,"Luminar Technologies, Inc./DE",chapter11,2025-12-15,2025-12-15,8k_filing_date_fallback,0001140361-25-045494,https://www.sec.gov/Archives/edgar/data/1758057/000114036125045494/ef20061234_8k.htm,recent_2025_2026,item_1.03+chapter11_text+voluntary_petition
1159167,IROBOT CORP,chapter11,2025-12-14,2025-12-15,petition_date_from_8k_text,0001193125-25-318337,https://www.sec.gov/Archives/edgar/data/1159167/000119312525318337/d97115d8k.htm,recent_2025_2026,item_1.03+chapter11_text+voluntary_petition
1456772,OFFICE PROPERTIES INCOME TRUST,chapter11,2025-10-30,2025-10-31,petition_date_from_8k_text,0001104659-25-104631,https://www.sec.gov/Archives/edgar/data/1456772/000110465925104631/tm2529875d1_8k.htm,recent_2025_2026,item_1.03+chapter11_text+voluntary_petition
1893311,LUXURBAN HOTELS INC.,chapter11,2025-09-14,2025-09-18,petition_date_from_8k_text,0001829126-25-007474,https://www.sec.gov/Archives/edgar/data/1893311/000182912625007474/luxurban_8k.htm,recent_2025_2026,item_1.03+chapter11_text+voluntary_petition
1220754,ModivCare Inc,chapter11,2025-08-20,2025-08-21,petition_date_from_8k_text,0001437749-25-027478,https://www.sec.gov/Archives/edgar/data/1220754/000143774925027478/modv20250818_8k.htm,recent_2025_2026,item_1.03+chapter11_text+voluntary_petition
1455684,"TPI COMPOSITES, INC",chapter11,2025-08-11,2025-08-15,petition_date_from_8k_text,0001171843-25-005450,https://www.sec.gov/Archives/edgar/data/1455684/000117184325005450/f8k_081525.htm,recent_2025_2026,item_1.03+chapter11_text+voluntary_petition
895419,"WOLFSPEED, INC.",chapter11,2025-06-30,2025-07-01,petition_date_from_8k_text,0001193125-25-153145,https://www.sec.gov/Archives/edgar/data/895419/000119312525153145/d755867d8k.htm,recent_2025_2026,item_1.03+chapter11_text+voluntary_petition
1772695,Sunnova Energy International Inc.,chapter11,2025-06-08,2025-06-09,petition_date_from_8k_text,0001772695-25-000105,https://www.sec.gov/Archives/edgar/data/1772695/000177269525000105/nova-20250608.htm,recent_2025_2026,item_1.03+chapter11_text+voluntary_petition
105319,"WW INTERNATIONAL, INC.",chapter11,2025-05-06,2025-05-07,petition_date_from_8k_text,0001193125-25-114307,https://www.sec.gov/Archives/edgar/data/105319/000119312525114307/d934787d8k.htm,recent_2025_2026,item_1.03+chapter11_text+voluntary_petition
748790,"Global Clean Energy Holdings, Inc.",chapter11,2025-04-18,2025-04-18,8k_filing_date_fallback,0001213900-25-033420,https://www.sec.gov/Archives/edgar/data/748790/000121390025033420/ea0238127-8k_global.htm,recent_2025_2026,item_1.03+chapter11_text+voluntary_petition
1830210,"Benson Hill, Inc.",chapter11,2025-03-25,2025-03-25,8k_filing_date_fallback,0001830210-25-000016,https://www.sec.gov/Archives/edgar/data/1830210/000183021025000016/bhil-20250319.htm,recent_2025_2026,item_1.03+chapter11_text+voluntary_petition
1804591,Chrome Holding Co.,chapter11,2025-03-24,2025-03-24,8k_filing_date_fallback,0001193125-25-060817,https://www.sec.gov/Archives/edgar/data/1804591/000119312525060817/d933650d8k.htm,recent_2025_2026,item_1.03+chapter11_text+voluntary_petition
1779020,"Danimer Scientific, Inc.",chapter11,2025-03-18,2025-03-18,petition_date_from_8k_text,0000950170-25-041367,https://www.sec.gov/Archives/edgar/data/1779020/000095017025041367/dnmr-20250318.htm,recent_2025_2026,item_1.03+chapter11_text+voluntary_petition
1101680,DZS INC.,chapter11,2025-03-14,2025-03-14,8k_filing_date_fallback,0001101680-25-000021,https://www.sec.gov/Archives/edgar/data/1101680/000110168025000021/dzsi-20250314.htm,recent_2025_2026,item_1.03+chapter11_text+voluntary_petition
1162461,CUTERA INC,chapter11,2025-03-05,2025-03-05,petition_date_from_8k_text,0001193125-25-046217,https://www.sec.gov/Archives/edgar/data/1162461/000119312525046217/d878024d8k.htm,recent_2025_2026,item_1.03+chapter11_text+voluntary_petition
1731289,Nikola Corp,chapter11,2025-02-19,2025-02-19,8k_filing_date_fallback,0001731289-25-000004,https://www.sec.gov/Archives/edgar/data/1731289/000173128925000004/nkla-20250218.htm,recent_2025_2026,item_1.03+chapter11_text+voluntary_petition
1850838,"Omega Therapeutics, Inc.",chapter11,2025-02-10,2025-02-14,petition_date_from_8k_text,0001193125-25-027349,https://www.sec.gov/Archives/edgar/data/1850838/000119312525027349/d896578d8k.htm,recent_2025_2026,item_1.03+chapter11_text+voluntary_petition
1835972,"iLearningEngines, Inc.",chapter11,2024-12-23,2024-12-23,8k_filing_date_fallback,0001213900-24-111529,https://www.sec.gov/Archives/edgar/data/1835972/000121390024111529/ea0225698-8k_ilearning.htm,prior_2021_2024,item_1.03+chapter11_text+voluntary_petition
1411688,"Container Store Group, Inc.",chapter11,2024-12-22,2024-12-23,petition_date_from_8k_text,0001104659-24-131067,https://www.sec.gov/Archives/edgar/data/1411688/000110465924131067/tm2431779d1_8k.htm,prior_2021_2024,item_1.03+chapter11_text+voluntary_petition
1584754,ATECH (PARENT) RESOLUTION CORP.,chapter11,2024-12-16,2024-12-16,petition_date_from_8k_text,0001213900-24-109364,https://www.sec.gov/Archives/edgar/data/1584754/000121390024109364/ea0224859-8k_akoustis.htm,prior_2021_2024,item_1.03+chapter11_text+voluntary_petition
837852,"IDEANOMICS, INC.",chapter11,2024-12-06,2024-12-06,8k_filing_date_fallback,0001628280-24-050149,https://www.sec.gov/Archives/edgar/data/837852/000162828024050149/idex-20241204.htm,prior_2021_2024,item_1.03+chapter11_text+voluntary_petition
1537028,"Independence Contract Drilling, Inc.",chapter11,2024-12-03,2024-12-03,8k_filing_date_fallback,0001537028-24-000057,https://www.sec.gov/Archives/edgar/data/1537028/000153702824000057/icdi-20241127x8k.htm,prior_2021_2024,item_1.03+chapter11_text+voluntary_petition
1813914,"CareMax, Inc.",chapter11,2024-11-18,2024-11-18,8k_filing_date_fallback,0000950170-24-127766,https://www.sec.gov/Archives/edgar/data/1813914/000095017024127766/cmax-20241115.htm,prior_2021_2024,item_1.03+chapter11_text+voluntary_petition
1498710,"Spirit Aviation Holdings, Inc.",chapter11,2024-11-18,2024-11-18,8k_filing_date_fallback,0000950103-24-016405,https://www.sec.gov/Archives/edgar/data/1498710/000095010324016405/dp220813_8k.htm,prior_2021_2024,item_1.03+chapter11_text+voluntary_petition
1580864,"Vroom, Inc.",chapter11,2024-11-13,2024-11-13,8k_filing_date_fallback,0001193125-24-256669,https://www.sec.gov/Archives/edgar/data/1580864/000119312524256669/d902566d8k.htm,prior_2021_2024,item_1.03+chapter11_text+voluntary_petition
1656634,"Gritstone bio, Inc.",chapter11,2024-10-10,2024-10-10,petition_date_from_8k_text,0001193125-24-235637,https://www.sec.gov/Archives/edgar/data/1656634/000119312524235637/d119736d8k.htm,prior_2021_2024,item_1.03+chapter11_text+voluntary_petition
890447,Vertex Energy Inc.,chapter11,2024-09-24,2024-09-26,petition_date_from_8k_text,0001999371-24-012469,https://www.sec.gov/Archives/edgar/data/890447/000199937124012469/vntr_8k-091924.htm,prior_2021_2024,item_1.03+chapter11_text+voluntary_petition
1723580,"BurgerFi International, Inc.",chapter11,2024-09-17,2024-09-17,8k_filing_date_fallback,0001723580-24-000055,https://www.sec.gov/Archives/edgar/data/1723580/000172358024000055/bfi-20240911.htm,prior_2021_2024,item_1.03+chapter11_text+voluntary_petition
1008654,TUPPERWARE BRANDS CORP,chapter11,2024-09-17,2024-09-18,petition_date_from_8k_text,0001008654-24-000068,https://www.sec.gov/Archives/edgar/data/1008654/000100865424000068/tup-20240917.htm,prior_2021_2024,item_1.03+chapter11_text+voluntary_petition
1391127,"Edgio, Inc.",chapter11,2024-09-09,2024-09-09,petition_date_from_8k_text,0001193125-24-215572,https://www.sec.gov/Archives/edgar/data/1391127/000119312524215572/d795614d8k.htm,prior_2021_2024,item_1.03+chapter11_text+voluntary_petition
768835,FORMER BL STORES INC,chapter11,2024-09-09,2024-09-10,petition_date_from_8k_text,0000768835-24-000062,https://www.sec.gov/Archives/edgar/data/768835/000076883524000062/big-20240905.htm,prior_2021_2024,item_1.03+chapter11_text+voluntary_petition
1396033,"LL Flooring Holdings, Inc.",chapter11,2024-08-11,2024-08-12,petition_date_from_8k_text,0001193125-24-198385,https://www.sec.gov/Archives/edgar/data/1396033/000119312524198385/d794510d8k.htm,prior_2021_2024,item_1.03+chapter11_text+voluntary_petition
867773,SUNPOWER CORP,chapter11,2024-08-05,2024-08-06,petition_date_from_8k_text,0000867773-24-000086,https://www.sec.gov/Archives/edgar/data/867773/000086777324000086/spwr-20240802.htm,prior_2021_2024,item_1.03+chapter11_text+voluntary_petition
1223389,CONNS INC,chapter11,2024-07-25,2024-07-25,8k_filing_date_fallback,0001193125-24-184837,https://www.sec.gov/Archives/edgar/data/1223389/000119312524184837/d855036d8k.htm,prior_2021_2024,item_1.03+chapter11_text+voluntary_petition
1459417,"2U, LLC",chapter11,2024-07-24,2024-07-25,petition_date_from_8k_text,0001193125-24-184277,https://www.sec.gov/Archives/edgar/data/1459417/000119312524184277/d875063d8k.htm,prior_2021_2024,item_1.03+chapter11_text+voluntary_petition
1834045,"Vintage Wine Estates, Inc.",chapter11,2024-07-24,2024-07-24,petition_date_from_8k_text,0000950170-24-085857,https://www.sec.gov/Archives/edgar/data/1834045/000095017024085857/vwe-20240719.htm,prior_2021_2024,item_1.03+chapter11_text+voluntary_petition
1101396,"DELTA APPAREL, INC",chapter11,2024-06-30,2024-07-01,petition_date_from_8k_text,0001437749-24-021637,https://www.sec.gov/Archives/edgar/data/1101396/000143774924021637/dla20240619_8k.htm,prior_2021_2024,item_1.03+chapter11_text+voluntary_petition
1720990,Fisker Inc./DE,chapter11,2024-06-24,2024-06-24,8k_filing_date_fallback,0001193125-24-167032,https://www.sec.gov/Archives/edgar/data/1720990/000119312524167032/d798771d8k.htm,prior_2021_2024,item_1.03+chapter11_text+voluntary_petition
1651944,"DermTech, Inc.",chapter11,2024-06-18,2024-06-18,8k_filing_date_fallback,0001651944-24-000060,https://www.sec.gov/Archives/edgar/data/1651944/000165194424000060/dmtk-20240612.htm,prior_2021_2024,item_1.03+chapter11_text+voluntary_petition
730255,CalAmp Corp.,chapter11,2024-06-03,2024-06-03,petition_date_from_8k_text,0000950170-24-067683,https://www.sec.gov/Archives/edgar/data/730255/000095017024067683/camp-20240522.htm,prior_2021_2024,item_1.03+chapter11_text+voluntary_petition
1634447,"ISUN, INC.",chapter11,2024-06-03,2024-06-07,petition_date_from_8k_text,0001493152-24-023164,https://www.sec.gov/Archives/edgar/data/1634447/000149315224023164/form8-k.htm,prior_2021_2024,item_1.03+chapter11_text+voluntary_petition
1811109,"Applied UV, Inc.",chapter11,2024-05-31,2024-05-31,8k_filing_date_fallback,0001213900-24-048456,https://www.sec.gov/Archives/edgar/data/1811109/000121390024048456/ea0207186-8k_applieduv.htm,prior_2021_2024,item_1.03+chapter11_text+voluntary_petition
1353538,"Appgate, Inc.",chapter11,2024-05-06,2024-05-06,petition_date_from_8k_text,0001628280-24-020689,https://www.sec.gov/Archives/edgar/data/1353538/000162828024020689/apgt-20240430.htm,prior_2021_2024,item_1.03+chapter11_text+voluntary_petition
1483510,"EXP OldCo Winddown, Inc.",chapter11,2024-04-22,2024-04-22,petition_date_from_8k_text,0001193125-24-103828,https://www.sec.gov/Archives/edgar/data/1483510/000119312524103828/d827429d8k.htm,prior_2021_2024,item_1.03+chapter11_text+voluntary_petition
1333835,Casa Systems Inc,chapter11,2024-04-03,2024-04-03,petition_date_from_8k_text,0001193125-24-085992,https://www.sec.gov/Archives/edgar/data/1333835/000119312524085992/d818677d8k.htm,prior_2021_2024,item_1.03+chapter11_text+voluntary_petition
1811856,"View, Inc.",chapter11,2024-04-02,2024-04-03,petition_date_from_8k_text,0001193125-24-085064,https://www.sec.gov/Archives/edgar/data/1811856/000119312524085064/d86667d8k.htm,prior_2021_2024,item_1.03+chapter11_text+voluntary_petition
1008848,"Acorda Therapeutics, Inc.",chapter11,2024-04-01,2024-04-02,petition_date_from_8k_text,0000950170-24-039674,https://www.sec.gov/Archives/edgar/data/1008848/000095017024039674/acor-20240331.htm,prior_2021_2024,item_1.03+chapter11_text+voluntary_petition
1305253,"Eiger BioPharmaceuticals, Inc.",chapter11,2024-04-01,2024-04-01,8k_filing_date_fallback,0001193125-24-083403,https://www.sec.gov/Archives/edgar/data/1305253/000119312524083403/d818699d8k.htm,prior_2021_2024,item_1.03+chapter11_text+voluntary_petition
1823882,Airspan Networks Holdings Inc.,chapter11,2024-03-31,2024-04-01,petition_date_from_8k_text,0001829126-24-002060,https://www.sec.gov/Archives/edgar/data/1823882/000182912624002060/airspannetworks_8k.htm,prior_2021_2024,item_1.03+chapter11_text+voluntary_petition
1711291,CURO Group Holdings Corp.,chapter11,2024-03-25,2024-03-25,petition_date_from_8k_text,0001104659-24-038503,https://www.sec.gov/Archives/edgar/data/1711291/000110465924038503/tm249524d1_8k.htm,prior_2021_2024,item_1.03+chapter11_text+voluntary_petition
1834585,JOANN Inc.,chapter11,2024-03-18,2024-03-18,petition_date_from_8k_text,0001193125-24-069648,https://www.sec.gov/Archives/edgar/data/1834585/000119312524069648/d775196d8k.htm,prior_2021_2024,item_1.03+chapter11_text+voluntary_petition
1592057,"Enviva, LLC",chapter11,2024-03-12,2024-03-13,petition_date_from_8k_text,0001104659-24-033709,https://www.sec.gov/Archives/edgar/data/1592057/000110465924033709/tm248430d1_8k.htm,prior_2021_2024,item_1.03+chapter11_text+voluntary_petition
1277250,"Charge Enterprises, Inc.",chapter11,2024-03-07,2024-03-12,petition_date_from_8k_text,0001437749-24-007478,https://www.sec.gov/Archives/edgar/data/1277250/000143774924007478/crge20240311c_8k.htm,prior_2021_2024,item_1.03+chapter11_text+voluntary_petition
1078207,BOWFLEX INC.,chapter11,2024-03-04,2024-03-05,petition_date_from_8k_text,0001628280-24-008736,https://www.sec.gov/Archives/edgar/data/1078207/000162828024008736/bfx-20240304.htm,prior_2021_2024,item_1.03+chapter11_text+voluntary_petition
1347652,"CorEnergy Infrastructure Trust, Inc.",chapter11,2024-02-25,2024-02-26,petition_date_from_8k_text,0001347652-24-000017,https://www.sec.gov/Archives/edgar/data/1347652/000134765224000017/corr-20240225.htm,prior_2021_2024,item_1.03+chapter11_text+voluntary_petition
1501134,Invitae Corp,chapter11,2024-02-13,2024-02-14,petition_date_from_8k_text,0001501134-24-000016,https://www.sec.gov/Archives/edgar/data/1501134/000150113424000016/nvta-20240213.htm,prior_2021_2024,item_1.03+chapter11_text+voluntary_petition
1551693,"PROJECT SAGE OLDCO, INC.",chapter11,2024-02-12,2024-02-13,petition_date_from_8k_text,0001213900-24-012888,https://www.sec.gov/Archives/edgar/data/1551693/000121390024012888/ea193549-8k_sientrainc.htm,prior_2021_2024,item_1.03+chapter11_text+voluntary_petition
1800682,"Cano Health, Inc.",chapter11,2024-02-05,2024-02-05,8k_filing_date_fallback,0001193125-24-023512,https://www.sec.gov/Archives/edgar/data/1800682/000119312524023512/d733561d8k.htm,prior_2021_2024,item_1.03+chapter11_text+voluntary_petition
1401708,"NS Wind Down Co., Inc.",chapter11,2024-02-05,2024-02-05,8k_filing_date_fallback,0001401708-24-000012,https://www.sec.gov/Archives/edgar/data/1401708/000140170824000012/nstg-20240204.htm,prior_2021_2024,item_1.03+chapter11_text+voluntary_petition
1067837,"AUDACY, INC.",chapter11,2024-01-05,2024-01-08,petition_date_from_8k_text,0001193125-24-003834,https://www.sec.gov/Archives/edgar/data/1067837/000119312524003834/d676036d8k.htm,prior_2021_2024,item_1.03+chapter11_text+voluntary_petition
1861449,"Bird Global, Inc.",chapter11,2023-12-20,2023-12-26,petition_date_from_8k_text,0001861449-23-000220,https://www.sec.gov/Archives/edgar/data/1861449/000186144923000220/brds-20231220.htm,prior_2021_2024,item_1.03+chapter11_text+voluntary_petition
814549,EBIX INC,chapter11,2023-12-17,2023-12-19,petition_date_from_8k_text,0001193125-23-298190,https://www.sec.gov/Archives/edgar/data/814549/000119312523298190/d629924d8k.htm,prior_2021_2024,item_1.03+chapter11_text+voluntary_petition
1784567,"Harbor Custom Development, Inc.",chapter11,2023-12-11,2023-12-15,petition_date_from_8k_text,0001493152-23-045017,https://www.sec.gov/Archives/edgar/data/1784567/000149315223045017/form8-k.htm,prior_2021_2024,item_1.03+chapter11_text+voluntary_petition
1826671,"Near Intelligence, Inc.",chapter11,2023-12-11,2023-12-11,8k_filing_date_fallback,0001213900-23-094534,https://www.sec.gov/Archives/edgar/data/1826671/000121390023094534/ea189803-8k_nearintell.htm,prior_2021_2024,item_1.03+chapter11_text+voluntary_petition
1021096,"Troika Media Group, Inc.",chapter11,2023-12-07,2023-12-07,8k_filing_date_fallback,0001628280-23-040998,https://www.sec.gov/Archives/edgar/data/1021096/000162828023040998/trka-20231207.htm,prior_2021_2024,item_1.03+chapter11_text+voluntary_petition
1813756,WeWork Inc.,chapter11,2023-11-06,2023-11-07,petition_date_from_8k_text,0001193125-23-271902,https://www.sec.gov/Archives/edgar/data/1813756/000119312523271902/d522028d8k.htm,prior_2021_2024,item_1.03+chapter11_text+voluntary_petition
1821850,Sunlight Financial Holdings Inc.,chapter11,2023-10-31,2023-10-31,8k_filing_date_fallback,0001104659-23-112707,https://www.sec.gov/Archives/edgar/data/1821850/000110465923112707/tm2329469d1_8k.htm,prior_2021_2024,item_1.03+chapter11_text+voluntary_petition
1776197,AKUMIN INC.,chapter11,2023-10-22,2023-10-23,petition_date_from_8k_text,0001193125-23-260391,https://www.sec.gov/Archives/edgar/data/1776197/000119312523260391/d559087d8k.htm,prior_2021_2024,item_1.03+chapter11_text+voluntary_petition
84129,"NEW RITE AID, LLC",chapter11,2023-10-15,2023-10-16,petition_date_from_8k_text,0001104659-23-109413,https://www.sec.gov/Archives/edgar/data/84129/000110465923109413/tm2328535d1_8ka.htm,prior_2021_2024,item_1.03+chapter11_text+voluntary_petition
1762322,"SHIFT TECHNOLOGIES, INC.",chapter11,2023-10-09,2023-10-10,petition_date_from_8k_text,0001213900-23-081257,https://www.sec.gov/Archives/edgar/data/1762322/000121390023081257/ea186500-8k_shifttech.htm,prior_2021_2024,item_1.03+chapter11_text+voluntary_petition
1872356,"Molekule Group, Inc.",chapter11,2023-10-03,2023-10-03,8k_filing_date_fallback,0001104659-23-106353,https://www.sec.gov/Archives/edgar/data/1872356/000110465923106353/tm2327546d1_8k.htm,prior_2021_2024,item_1.03+chapter11_text+voluntary_petition
1775625,"SmileDirectClub, Inc.",chapter11,2023-09-29,2023-10-02,petition_date_from_8k_text,0001775625-23-000109,https://www.sec.gov/Archives/edgar/data/1775625/000177562523000109/sdc-20230925.htm,prior_2021_2024,item_1.03+chapter11_text+voluntary_petition
1009759,"Capstone Energy Plus, Inc.",chapter11,2023-09-28,2023-09-28,petition_date_from_8k_text,0001558370-23-016108,https://www.sec.gov/Archives/edgar/data/1009759/000155837023016108/cgrn-20230926x8k.htm,prior_2021_2024,item_1.03+chapter11_text+voluntary_petition
1770141,"UpHealth, Inc.",chapter11,2023-09-19,2023-09-19,petition_date_from_8k_text,0001193125-23-237292,https://www.sec.gov/Archives/edgar/data/1770141/000119312523237292/d496861d8k.htm,prior_2021_2024,item_1.03+chapter11_text+voluntary_petition
1446687,"SILVER STAR PROPERTIES REIT, INC",chapter11,2023-09-13,2023-09-14,petition_date_from_8k_text,0001446687-23-000050,https://www.sec.gov/Archives/edgar/data/1446687/000144668723000050/a8-kspebk.htm,prior_2021_2024,item_1.03+chapter11_text+voluntary_petition
1108967,"Orbital Infrastructure Group, Inc.",chapter11,2023-08-23,2023-08-24,petition_date_from_8k_text,0001437749-23-024627,https://www.sec.gov/Archives/edgar/data/1108967/000143774923024627/oeg20230824_8k.htm,prior_2021_2024,item_1.03+chapter11_text+voluntary_petition
1365916,"AMYRIS, INC.",chapter11,2023-08-09,2023-08-10,petition_date_from_8k_text,0001365916-23-000094,https://www.sec.gov/Archives/edgar/data/1365916/000136591623000094/amrs-20230804.htm,prior_2021_2024,item_1.03+chapter11_text+voluntary_petition
1820630,Proterra Inc,chapter11,2023-08-07,2023-08-08,petition_date_from_8k_text,0001628280-23-027865,https://www.sec.gov/Archives/edgar/data/1820630/000162828023027865/ptra-20230807.htm,prior_2021_2024,item_1.03+chapter11_text+voluntary_petition
716006,Yellow Corp,chapter11,2023-08-06,2023-08-07,petition_date_from_8k_text,0001193125-23-204370,https://www.sec.gov/Archives/edgar/data/716006/000119312523204370/d483482d8k.htm,prior_2021_2024,item_1.03+chapter11_text+voluntary_petition
1807707,"AppHarvest, Inc.",chapter11,2023-07-24,2023-07-24,8k_filing_date_fallback,0001807707-23-000104,https://www.sec.gov/Archives/edgar/data/1807707/000180770723000104/apph-20230719.htm,prior_2021_2024,item_1.03+chapter11_text+voluntary_petition
1136294,"NOS4-1, Inc.",chapter11,2023-07-24,2023-07-24,8k_filing_date_fallback,0001104659-23-083246,https://www.sec.gov/Archives/edgar/data/1136294/000110465923083246/tm2321858d1_8k.htm,prior_2021_2024,item_1.03+chapter11_text+voluntary_petition
1467154,"NVN Liquidation, Inc.",chapter11,2023-07-17,2023-07-17,8k_filing_date_fallback,0001467154-23-000081,https://www.sec.gov/Archives/edgar/data/1467154/000146715423000081/novn-20230714.htm,prior_2021_2024,item_1.03+chapter11_text+voluntary_petition
1597313,"ViewRay, Inc.",chapter11,2023-07-16,2023-07-17,petition_date_from_8k_text,0001628280-23-024952,https://www.sec.gov/Archives/edgar/data/1597313/000162828023024952/vray-20230715.htm,prior_2021_2024,item_1.03+chapter11_text+voluntary_petition
1741231,"Tattooed Chef, Inc.",chapter11,2023-07-02,2023-07-06,petition_date_from_8k_text,0001628280-23-024475,https://www.sec.gov/Archives/edgar/data/1741231/000162828023024475/ttcf-20230629.htm,prior_2021_2024,item_1.03+chapter11_text+voluntary_petition
870826,"Legacy IMBDS, Inc.",chapter11,2023-06-28,2023-06-29,petition_date_from_8k_text,0001104659-23-076399,https://www.sec.gov/Archives/edgar/data/870826/000110465923076399/tm2320234d1_8k.htm,prior_2021_2024,item_1.03+chapter11_text+voluntary_petition
1759546,Stark Novus Financial Inc.,chapter11,2023-06-27,2023-06-27,8k_filing_date_fallback,0001104659-23-074944,https://www.sec.gov/Archives/edgar/data/1759546/000110465923074944/tm2319664d1_8k.htm,prior_2021_2024,item_1.03+chapter11_text+voluntary_petition
1760173,"SURGALIGN HOLDINGS, INC.",chapter11,2023-06-19,2023-06-20,petition_date_from_8k_text,0001193125-23-169695,https://www.sec.gov/Archives/edgar/data/1760173/000119312523169695/d713202d8k.htm,prior_2021_2024,item_1.03+chapter11_text+voluntary_petition
1794905,"Cyxtera Technologies, Inc.",chapter11,2023-06-04,2023-06-05,petition_date_from_8k_text,0001193125-23-160378,https://www.sec.gov/Archives/edgar/data/1794905/000119312523160378/d497336d8k.htm,prior_2021_2024,item_1.03+chapter11_text+voluntary_petition
28823,"DIEBOLD NIXDORF, Inc",chapter11,2023-06-01,2023-06-01,8k_filing_date_fallback,0001193125-23-158463,https://www.sec.gov/Archives/edgar/data/28823/000119312523158463/d404278d8k.htm,prior_2021_2024,item_1.03+chapter11_text+voluntary_petition
1839412,QualTek Services Inc.,chapter11,2023-05-24,2023-05-31,petition_date_from_8k_text,0001104659-23-066357,https://www.sec.gov/Archives/edgar/data/1839412/000110465923066357/tm2317209d1_8k.htm,prior_2021_2024,item_1.03+chapter11_text+voluntary_petition
1300699,"Athenex, Inc.",chapter11,2023-05-14,2023-05-22,petition_date_from_8k_text,0001193125-23-150484,https://www.sec.gov/Archives/edgar/data/1300699/000119312523150484/d470846d8k.htm,prior_2021_2024,item_1.03+chapter11_text+voluntary_petition
57725,LANNETT CO INC,chapter11,2023-05-02,2023-05-03,petition_date_from_8k_text,0001104659-23-055287,https://www.sec.gov/Archives/edgar/data/57725/000110465923055287/tm2314233d3_8k.htm,prior_2021_2024,item_1.03+chapter11_text+voluntary_petition
886158,"20230930-DK-Butterfly-1, Inc.",chapter11,2023-04-23,2023-04-24,petition_date_from_8k_text,0001193125-23-111754,https://www.sec.gov/Archives/edgar/data/886158/000119312523111754/d465247d8k.htm,prior_2021_2024,item_1.03+chapter11_text+voluntary_petition
1377630,"National CineMedia, Inc.",chapter11,2023-04-11,2023-04-12,petition_date_from_8k_text,0001377630-23-000056,https://www.sec.gov/Archives/edgar/data/1377630/000137763023000056/ncmllc-20230411.htm,prior_2021_2024,item_1.03+chapter11_text+voluntary_petition
1835567,"Pear Therapeutics, Inc.",chapter11,2023-04-07,2023-04-07,petition_date_from_8k_text,0001835567-23-000020,https://www.sec.gov/Archives/edgar/data/1835567/000183556723000020/pear-20230405.htm,prior_2021_2024,item_1.03+chapter11_text+voluntary_petition
1843388,"Virgin Orbit Holdings, Inc.",chapter11,2023-04-04,2023-04-04,petition_date_from_8k_text,0001628280-23-010459,https://www.sec.gov/Archives/edgar/data/1843388/000162828023010459/vorb-20230330.htm,prior_2021_2024,item_1.03+chapter11_text+voluntary_petition
1828672,"Boxed, Inc.",chapter11,2023-04-02,2023-04-03,petition_date_from_8k_text,0001140361-23-015648,https://www.sec.gov/Archives/edgar/data/1828672/000114036123015648/brhc10050838_8k.htm,prior_2021_2024,item_1.03+chapter11_text+voluntary_petition
1659352,"Codiak BioSciences, Inc.",chapter11,2023-03-27,2023-03-27,8k_filing_date_fallback,0001193125-23-079964,https://www.sec.gov/Archives/edgar/data/1659352/000119312523079964/d467120d8k.htm,prior_2021_2024,item_1.03+chapter11_text+voluntary_petition
1652724,"Lucira Health, Inc.",chapter11,2023-02-22,2023-02-22,8k_filing_date_fallback,0001193125-23-044968,https://www.sec.gov/Archives/edgar/data/1652724/000119312523044968/d642141d8k.htm,prior_2021_2024,item_1.03+chapter11_text+voluntary_petition
1418100,Avaya Holdings Corp.,chapter11,2023-02-14,2023-02-14,petition_date_from_8k_text,0001193125-23-039349,https://www.sec.gov/Archives/edgar/data/1418100/000119312523039349/d811637d8k.htm,prior_2021_2024,item_1.03+chapter11_text+voluntary_petition
850261,"Sorrento Therapeutics, Inc.",chapter11,2023-02-13,2023-02-13,8k_filing_date_fallback,0001104659-23-018890,https://www.sec.gov/Archives/edgar/data/850261/000110465923018890/tm236509d1_8k.htm,prior_2021_2024,item_1.03+chapter11_text+voluntary_petition
742112,INVACARE HOLDINGS Corp,chapter11,2023-01-31,2023-02-01,petition_date_from_8k_text,0000742112-23-000008,https://www.sec.gov/Archives/edgar/data/742112/000074211223000008/ivc-20230127.htm,prior_2021_2024,item_1.03+chapter11_text+voluntary_petition
1852117,Rockley Photonics Holdings Ltd,chapter11,2023-01-23,2023-01-24,petition_date_from_8k_text,0001852117-23-000003,https://www.sec.gov/Archives/edgar/data/1852117/000185211723000003/rkly-20230123.htm,prior_2021_2024,item_1.03+chapter11_text+voluntary_petition
1592058,Party City Holdco Inc.,chapter11,2023-01-18,2023-01-18,8k_filing_date_fallback,0001193125-23-009847,https://www.sec.gov/Archives/edgar/data/1592058/000119312523009847/d643228d8k.htm,prior_2021_2024,item_1.03+chapter11_text+voluntary_petition
1595585,"Tricida, Inc.",chapter11,2023-01-11,2023-01-12,petition_date_from_8k_text,0001595585-23-000007,https://www.sec.gov/Archives/edgar/data/1595585/000159558523000007/tcda-20230109.htm,prior_2021_2024,item_1.03+chapter11_text+voluntary_petition
1596946,Quotient Ltd,chapter11,2023-01-10,2023-01-10,petition_date_from_8k_text,0001193125-23-005670,https://www.sec.gov/Archives/edgar/data/1596946/000119312523005670/d165499d8k.htm,prior_2021_2024,item_1.03+chapter11_text+voluntary_petition
1839341,"Core Scientific, Inc./tx",chapter11,2022-12-21,2022-12-21,8k_filing_date_fallback,0001193125-22-310173,https://www.sec.gov/Archives/edgar/data/1839341/000119312522310173/d366482d8k.htm,prior_2021_2024,item_1.03+chapter11_text+voluntary_petition
1466301,"Clovis Oncology, Inc.",chapter11,2022-12-13,2022-12-13,8k_filing_date_fallback,0001193125-22-303179,https://www.sec.gov/Archives/edgar/data/1466301/000119312522303179/d386858d8k.htm,prior_2021_2024,item_1.03+chapter11_text+voluntary_petition
1069996,FedNat Holding Co,chapter11,2022-12-12,2022-12-12,8k_filing_date_fallback,0001069996-22-000102,https://www.sec.gov/Archives/edgar/data/1069996/000106999622000102/fnhc-20221211.htm,prior_2021_2024,item_1.03+chapter11_text+voluntary_petition
1832351,"Fast Radius, Inc.",chapter11,2022-11-08,2022-11-08,8k_filing_date_fallback,0000950170-22-022842,https://www.sec.gov/Archives/edgar/data/1832351/000095017022022842/fsrd-20221104.htm,prior_2021_2024,item_1.03+chapter11_text+voluntary_petition
1579823,"NewAge, Inc.",chapter11,2022-08-30,2022-08-30,petition_date_from_8k_text,0001493152-22-024420,https://www.sec.gov/Archives/edgar/data/1579823/000149315222024420/form8-k.htm,prior_2021_2024,item_1.03+chapter11_text+voluntary_petition
1593034,Endo International plc,chapter11,2022-08-16,2022-08-17,petition_date_from_8k_text,0001193125-22-222687,https://www.sec.gov/Archives/edgar/data/1593034/000119312522222687/d394120d8k.htm,prior_2021_2024,item_1.03+chapter11_text+voluntary_petition
1830180,"Legacy EJY, Inc.",chapter11,2022-06-30,2022-06-30,petition_date_from_8k_text,0001193125-22-185628,https://www.sec.gov/Archives/edgar/data/1830180/000119312522185628/d316004d8k.htm,prior_2021_2024,item_1.03+chapter11_text+voluntary_petition
887921,REVLON INC /DE/,chapter11,2022-06-15,2022-06-16,petition_date_from_8k_text,0001140361-22-023182,https://www.sec.gov/Archives/edgar/data/887921/000114036122023182/brhc10038750_8k.htm,prior_2021_2024,item_1.03+chapter11_text+voluntary_petition
1084384,PARETEUM Corp,chapter11,2022-05-15,2022-05-19,petition_date_from_8k_text,0001193125-22-155078,https://www.sec.gov/Archives/edgar/data/1084384/000119312522155078/d253103d8k.htm,prior_2021_2024,item_1.03+chapter11_text+voluntary_petition
1655075,"Armstrong Flooring, Inc.",chapter11,2022-05-08,2022-05-12,petition_date_from_8k_text,0001193125-22-148844,https://www.sec.gov/Archives/edgar/data/1655075/000119312522148844/d361921d8k.htm,prior_2021_2024,item_1.03+chapter11_text+voluntary_petition
1587246,"Cypress Environmental Partners, L.P.",chapter11,2022-05-08,2022-05-11,petition_date_from_8k_text,0001387131-22-005994,https://www.sec.gov/Archives/edgar/data/1587246/000138713122005994/celp-8k_050622.htm,prior_2021_2024,item_1.03+chapter11_text+voluntary_petition
1522690,"GWG Holdings, Inc.",chapter11,2022-04-20,2022-04-20,8k_filing_date_fallback,0001213900-22-020675,https://www.sec.gov/Archives/edgar/data/1522690/000121390022020675/ea158650-8k_gwgholdings.htm,prior_2021_2024,item_1.03+chapter11_text+voluntary_petition
866609,ION GEOPHYSICAL CORP,chapter11,2022-04-13,2022-04-13,8k_filing_date_fallback,0001437749-22-008791,https://www.sec.gov/Archives/edgar/data/866609/000143774922008791/io20220411_8k.htm,prior_2021_2024,item_1.03+chapter11_text+voluntary_petition
1525773,Intelsat S.A.,chapter11,2021-12-20,2021-12-20,8k_filing_date_fallback,0001193125-21-362431,https://www.sec.gov/Archives/edgar/data/1525773/000119312521362431/d274948d8k.htm,prior_2021_2024,item_1.03+chapter11_text+voluntary_petition
352998,"Teligent, Inc.",chapter11,2021-10-15,2021-10-15,8k_filing_date_fallback,0001104659-21-126768,https://www.sec.gov/Archives/edgar/data/352998/000110465921126768/tm2129875d1_8k.htm,prior_2021_2024,item_1.03+chapter11_text+voluntary_petition
1648428,"Sequential Brands Group, Inc.",chapter11,2021-08-31,2021-09-01,petition_date_from_8k_text,0001104659-21-111773,https://www.sec.gov/Archives/edgar/data/1648428/000110465921111773/tm2126672d1_8k.htm,prior_2021_2024,item_1.03+chapter11_text+voluntary_petition
1109189,"BASIC ENERGY SERVICES, INC.",chapter11,2021-08-18,2021-08-18,8k_filing_date_fallback,0001104659-21-107217,https://www.sec.gov/Archives/edgar/data/1109189/000110465921107217/tm2125297d1_8k.htm,prior_2021_2024,item_1.03+chapter11_text+voluntary_petition
1594686,WASHINGTON PRIME GROUP INC.,chapter11,2021-06-14,2021-06-14,8k_filing_date_fallback,0001437749-21-014660,https://www.sec.gov/Archives/edgar/data/1594686/000143774921014660/wpg20210611_8k.htm,prior_2021_2024,item_1.03+chapter11_text+voluntary_petition
1583077,"Hospitality Investors Trust, Inc.",chapter11,2021-05-19,2021-05-19,petition_date_from_8k_text,0001104659-21-069107,https://www.sec.gov/Archives/edgar/data/1583077/000110465921069107/tm2116811d1_8k.htm,prior_2021_2024,item_1.03+chapter11_text+voluntary_petition
1036848,Mega Matrix Corp.,chapter11,2021-03-29,2021-03-30,petition_date_from_8k_text,0001654954-21-003441,https://www.sec.gov/Archives/edgar/data/1036848/000165495421003441/ACY8KReorg.htm,prior_2021_2024,item_1.03+chapter11_text+voluntary_petition
1725526,HighPoint Resources Corp,chapter11,2021-03-14,2021-03-15,petition_date_from_8k_text,0001193125-21-080407,https://www.sec.gov/Archives/edgar/data/1725526/000119312521080407/d156524d8k.htm,prior_2021_2024,item_1.03+chapter11_text+voluntary_petition
883943,CHRISTOPHER & BANKS CORP,chapter11,2021-01-13,2021-01-14,petition_date_from_8k_text,0000897101-21-000029,https://www.sec.gov/Archives/edgar/data/883943/000089710121000029/cbkc210033_8k.htm,prior_2021_2024,item_1.03+chapter11_text+voluntary_petition
922358,FERRELLGAS PARTNERS L P,chapter11,2021-01-11,2021-01-11,8k_filing_date_fallback,0001104659-21-002790,https://www.sec.gov/Archives/edgar/data/922358/000110465921002790/tm212268d1_8k.htm,prior_2021_2024,item_1.03+chapter11_text+voluntary_petition
886835,SUPERIOR ENERGY SERVICES INC,chapter11,2020-12-07,2020-12-07,petition_date_from_8k_text,0001193125-20-311144,https://www.sec.gov/Archives/edgar/data/886835/000119312520311144/d63085d8k.htm,historical_pre_2021,item_1.03+chapter11_text+voluntary_petition
1399935,FHC Holdings Corp,chapter11,2020-12-03,2020-12-04,petition_date_from_8k_text,0001104659-20-132137,https://www.sec.gov/Archives/edgar/data/1399935/000110465920132137/tm2037462d2_8k.htm,historical_pre_2021,item_1.03+chapter11_text+voluntary_petition
1275229,"General Moly, Inc",chapter11,2020-11-18,2020-11-20,petition_date_from_8k_text,0001654954-20-012741,https://www.sec.gov/Archives/edgar/data/1275229/000165495420012741/gmo_8k.htm,historical_pre_2021,item_1.03+chapter11_text+voluntary_petition
874499,GULFPORT ENERGY CORP,chapter11,2020-11-13,2020-11-16,petition_date_from_8k_text,0001213900-20-037077,https://www.sec.gov/Archives/edgar/data/874499/000121390020037077/ea129804-8k_gulfport.htm,historical_pre_2021,item_1.03+chapter11_text+voluntary_petition
77281,PENNSYLVANIA REAL ESTATE INVESTMENT TRUST,chapter11,2020-11-03,2020-11-03,8k_filing_date_fallback,0001193125-20-284830,https://www.sec.gov/Archives/edgar/data/77281/000119312520284830/d44373d8k.htm,historical_pre_2021,item_1.03+chapter11_text+voluntary_petition
910612,CBL & ASSOCIATES PROPERTIES INC,chapter11,2020-11-02,2020-11-02,8k_filing_date_fallback,0001564590-20-049434,https://www.sec.gov/Archives/edgar/data/910612/000156459020049434/cbl-8k_20201029.htm,historical_pre_2021,item_1.03+chapter11_text+voluntary_petition
1567892,Keenova Therapeutics plc,chapter11,2020-10-12,2020-10-13,petition_date_from_8k_text,0001193125-20-267836,https://www.sec.gov/Archives/edgar/data/1567892/000119312520267836/d942107d8k.htm,historical_pre_2021,item_1.03+chapter11_text+voluntary_petition
1486159,Chord Energy Corp,chapter11,2020-09-30,2020-09-30,petition_date_from_8k_text,0001486159-20-000075,https://www.sec.gov/Archives/edgar/data/1486159/000148615920000075/oas-20200929.htm,historical_pre_2021,item_1.03+chapter11_text+voluntary_petition
1661920,Lonestar Resources US Inc.,chapter11,2020-09-30,2020-10-01,petition_date_from_8k_text,0001661920-20-000078,https://www.sec.gov/Archives/edgar/data/1661920/000166192020000078/lone-8xkbankruptcyfili.htm,historical_pre_2021,item_1.03+chapter11_text+voluntary_petition
1529463,"FTS International, Inc.",chapter11,2020-09-22,2020-09-22,8k_filing_date_fallback,0001104659-20-107423,https://www.sec.gov/Archives/edgar/data/1529463/000110465920107423/tm2031377d2_8k.htm,historical_pre_2021,item_1.03+chapter11_text+voluntary_petition
1281774,TOWN SPORTS INTERNATIONAL HOLDINGS INC,chapter11,2020-09-14,2020-09-14,petition_date_from_8k_text,0000921895-20-002399,https://www.sec.gov/Archives/edgar/data/1281774/000092189520002399/form8k11125001_09142020.htm,historical_pre_2021,item_1.03+chapter11_text+voluntary_petition
904979,SHILOH INDUSTRIES INC,chapter11,2020-08-31,2020-08-31,8k_filing_date_fallback,0001193125-20-236224,https://www.sec.gov/Archives/edgar/data/904979/000119312520236224/d34976d8k.htm,historical_pre_2021,item_1.03+chapter11_text+voluntary_petition
1514732,"SAExploration Holdings, Inc.",chapter11,2020-08-27,2020-08-28,petition_date_from_8k_text,0001193125-20-234870,https://www.sec.gov/Archives/edgar/data/1514732/000119312520234870/d932885d8k.htm,historical_pre_2021,item_1.03+chapter11_text+voluntary_petition
314808,Valaris Ltd,chapter11,2020-08-19,2020-08-19,petition_date_from_8k_text,0001104659-20-096796,https://www.sec.gov/Archives/edgar/data/314808/000110465920096796/tm2027797d1_8k.htm,historical_pre_2021,item_1.03+chapter11_text+voluntary_petition
1346980,"Chaparral Energy, Inc.",chapter11,2020-08-17,2020-08-17,8k_filing_date_fallback,0001193125-20-221605,https://www.sec.gov/Archives/edgar/data/1346980/000119312520221605/d37844d8k.htm,historical_pre_2021,item_1.03+chapter11_text+voluntary_petition
