late_filing,auditor_change,delisting,covenant,impairment,material_weakness,going_concern,cik,as_of,label,fold
0,0,0,0,0,0,0,909724,2019-04-01,1,train
0,1,0,0,0,1,1,1175680,2022-07-01,1,train
0,0,0,0,0,1,1,1656501,2019-01-01,1,train
0,0,0,0,0,0,1,1760683,2021-04-01,1,train
0,1,0,0,0,0,0,1083522,2022-07-01,1,train
0,0,0,0,0,1,0,1556179,2022-01-01,1,train
1,0,0,0,0,1,1,1849635,2023-01-01,1,train
0,0,0,0,0,0,0,1018840,2020-04-01,1,train
0,0,0,0,0,1,0,1083446,2023-04-01,1,train
0,1,0,0,0,0,1,1477009,2019-10-01,1,train
0,0,0,0,0,0,0,1172222,2022-10-01,1,train
1,0,0,0,0,0,1,1829328,2021-10-01,1,train
0,0,0,0,0,0,0,1223389,2020-04-01,1,train
1,0,1,0,0,1,1,1777946,2021-07-01,1,train
1,0,0,0,0,0,1,1493212,2020-10-01,1,train
1,0,0,0,0,1,1,1822966,2021-10-01,1,train
1,1,0,0,0,1,1,1439299,2019-04-01,1,train
0,0,1,0,0,0,1,1812727,2023-04-01,1,train
0,1,1,0,0,1,0,1725255,2020-04-01,1,train
0,0,0,0,0,0,0,39020,2022-01-01,1,train
1,1,1,0,0,1,1,1769624,2023-04-01,1,train
1,1,0,0,0,0,1,1378125,2020-04-01,1,train
1,0,0,0,0,0,1,1109486,2022-10-01,1,train
1,0,0,0,0,0,1,1538495,2020-10-01,1,train
1,0,0,0,0,0,0,1141197,2023-04-01,1,train
0,0,0,0,0,0,1,1700849,2020-10-01,1,train
1,0,0,0,0,0,1,1849635,2022-10-01,1,train
1,0,1,0,0,0,0,818479,2022-07-01,1,train
0,0,0,0,0,0,0,1435508,2019-07-01,1,train
0,0,1,0,0,1,0,1698991,2020-04-01,1,train
0,0,0,0,0,0,1,724742,2022-04-01,1,train
0,1,0,0,0,1,0,1701758,2023-01-01,1,train
1,0,1,0,0,0,1,1422892,2020-01-01,1,train
0,1,0,0,0,1,0,1413898,2019-04-01,1,train
0,0,1,0,0,1,1,707388,2020-07-01,1,train
1,1,0,0,0,0,0,1101680,2022-07-01,1,train
1,0,1,0,0,0,1,1681941,2020-10-01,1,train
0,0,0,0,0,1,1,1730463,2023-04-01,1,train
0,0,0,0,0,0,0,1692951,2023-01-01,1,train
0,0,0,0,0,1,0,1596946,2021-01-01,1,train
0,0,0,0,0,0,0,1464790,2022-10-01,1,train
1,0,1,0,0,1,1,1802450,2022-04-01,1,train
0,0,0,0,0,0,0,1574291,2019-10-01,1,train
1,1,0,0,0,1,1,1482554,2020-04-01,1,train
0,0,0,0,0,0,0,1262104,2021-10-01,1,train
1,1,0,0,0,0,0,1467761,2022-01-01,1,train
1,0,0,0,0,1,1,1631282,2019-10-01,1,train
1,1,0,0,0,0,0,1819493,2022-10-01,1,train
0,0,0,0,0,0,0,811641,2022-07-01,1,train
0,0,0,0,0,0,1,1133311,2022-10-01,1,train
0,0,0,0,0,0,0,1785592,2021-04-01,1,train
0,0,0,0,0,1,0,1290900,2019-04-01,1,train
0,0,0,0,0,0,1,1347652,2022-04-01,1,train
0,0,0,0,0,0,0,1435508,2019-10-01,1,train
1,0,0,0,0,0,1,1651992,2022-07-01,1,train
0,0,0,0,0,1,1,1500305,2023-04-01,1,train
0,0,0,0,0,0,0,1620533,2023-04-01,1,train
1,1,0,0,0,0,0,1716188,2019-04-01,1,train
0,0,0,0,0,0,0,59558,2022-10-01,1,train
0,0,0,0,0,0,0,1175535,2019-01-01,1,train
1,1,0,0,0,1,1,1399306,2019-04-01,1,train
0,0,0,0,0,0,1,1372514,2021-07-01,1,train
1,0,0,0,0,1,1,826253,2019-10-01,1,train
0,0,0,0,0,1,0,1596946,2021-04-01,1,train
1,0,1,0,0,1,0,1089531,2020-07-01,1,train
1,1,0,0,0,1,1,1756180,2019-07-01,1,train
1,1,1,0,0,0,0,1725872,2021-10-01,1,train
1,0,0,0,0,0,0,923601,2020-04-01,1,train
1,0,0,0,0,0,0,1205181,2019-07-01,1,train
0,0,0,0,0,1,1,1069308,2021-01-01,1,train
0,0,1,0,0,1,0,1692415,2020-10-01,1,train
1,0,0,0,0,0,1,1293971,2023-04-01,1,train
1,1,0,0,0,1,1,1626745,2021-10-01,1,train
0,0,0,0,0,0,0,1550603,2020-07-01,1,train
1,0,0,0,0,0,1,1416090,2019-10-01,1,train
0,1,0,0,0,0,0,1600422,2019-01-01,1,train
0,0,0,0,0,0,0,93556,2021-04-01,1,train
0,1,1,0,0,1,0,1725255,2020-10-01,1,train
1,1,1,0,1,1,1,887247,2021-01-01,1,train
1,0,1,0,0,1,0,1620179,2020-01-01,1,train
0,0,0,0,0,0,0,1463258,2020-04-01,1,train
0,0,0,0,0,0,0,1703056,2022-10-01,1,train
0,0,0,0,0,0,0,1528849,2022-10-01,1,train
1,1,1,0,0,1,1,1178727,2022-04-01,1,train
1,1,0,0,0,0,1,1484769,2019-04-01,1,train
1,1,0,0,0,1,1,1777946,2021-10-01,1,train
0,1,1,0,0,0,0,837852,2021-10-01,1,train
1,1,0,0,0,1,1,1597846,2019-04-01,1,train
1,1,0,0,0,0,1,835662,2019-07-01,1,train
0,0,1,0,0,0,1,1691936,2021-04-01,1,train
1,0,0,0,0,0,0,1020710,2021-04-01,1,train
0,0,0,0,0,0,0,1227654,2021-01-01,1,train
0,0,0,0,0,0,0,863894,2023-01-01,1,train
1,0,0,0,0,1,1,1421636,2022-01-01,1,train
0,0,1,0,0,0,0,1514732,2019-04-01,1,train
0,0,1,0,0,1,0,1084384,2019-07-01,1,train
0,0,0,0,0,0,0,1013706,2022-10-01,1,train
0,0,0,0,0,0,0,1051470,2019-04-01,1,train
1,0,0,0,0,0,1,1799191,2021-07-01,1,train
0,0,0,0,0,1,0,1474439,2019-07-01,1,train
1,0,0,0,0,0,1,1561180,2020-10-01,1,train
0,0,0,0,0,1,0,1617669,2020-04-01,1,train
0,0,1,0,0,0,1,1835972,2023-01-01,1,train
0,0,0,0,0,0,0,1008654,2022-07-01,1,train
1,1,0,0,0,0,1,1746278,2023-04-01,1,train
1,1,1,0,0,0,0,1725872,2022-01-01,1,train
0,0,0,0,0,0,1,1512228,2022-01-01,1,train
1,1,0,0,0,0,0,1101680,2022-10-01,1,train
0,0,0,0,0,1,1,1044378,2021-04-01,1,train
1,0,0,0,0,0,1,1490161,2020-04-01,1,train
0,0,0,0,0,1,1,1044378,2021-10-01,1,train
1,0,1,0,0,1,1,862861,2019-10-01,1,train
0,0,1,0,0,1,1,926617,2023-04-01,1,train
0,0,0,0,0,0,0,93556,2021-10-01,1,train
1,1,0,0,0,1,0,810332,2023-04-01,1,train
1,0,1,0,1,0,0,1401521,2023-04-01,1,train
1,0,0,0,0,1,1,1365916,2019-01-01,1,train
1,1,0,0,0,0,1,1662382,2019-10-01,1,train
0,0,0,0,0,0,0,1709164,2019-10-01,1,train
0,0,1,0,0,1,0,1788717,2022-10-01,1,train
0,0,0,0,0,0,0,315131,2019-10-01,1,train
1,1,0,0,0,0,0,50292,2020-07-01,1,train
0,0,0,0,0,0,0,720154,2021-07-01,1,train
0,0,0,0,0,0,0,884219,2022-04-01,1,train
0,0,0,0,0,0,0,1835385,2023-04-01,1,train
1,0,1,0,0,1,1,867773,2023-04-01,1,train
0,1,0,0,0,1,0,1353538,2022-04-01,1,train
0,0,0,0,0,0,0,897723,2022-07-01,1,train
1,0,0,0,0,0,1,1552189,2021-07-01,1,train
1,0,1,0,0,0,0,1122063,2019-04-01,1,train
1,1,1,0,0,1,1,1178727,2022-10-01,1,train
1,0,0,0,0,0,1,1725516,2022-07-01,1,train
0,0,0,0,0,0,0,1227654,2020-10-01,1,train
0,0,0,0,0,0,0,875355,2021-07-01,1,train
0,0,0,0,0,0,0,1020710,2020-10-01,1,train
0,0,1,0,0,0,0,1476963,2022-07-01,1,train
0,1,0,0,0,0,1,1415684,2019-01-01,1,train
0,0,0,1,0,0,0,1038357,2020-07-01,1,train
1,0,0,0,0,0,0,1522690,2019-04-01,1,train
0,0,0,0,0,1,1,1044378,2022-01-01,1,train
0,0,1,0,0,1,0,875355,2021-01-01,1,train
1,0,0,0,0,1,1,1606698,2022-04-01,1,train
1,1,0,0,0,1,1,867028,2022-07-01,1,train
1,0,0,0,0,0,0,1020710,2021-07-01,1,train
1,0,1,0,0,0,1,1372514,2022-04-01,1,train
0,1,0,0,0,1,1,1626644,2020-10-01,1,train
1,1,0,0,0,1,0,1111741,2019-01-01,1,train
0,0,0,0,0,0,0,811641,2022-04-01,1,train
0,0,0,0,0,1,0,1474439,2020-01-01,1,train
1,1,0,0,0,1,0,1499832,2020-01-01,1,train
0,0,0,0,0,0,1,1391127,2022-04-01,1,train
1,1,1,0,0,0,0,1819493,2023-01-01,1,train
0,0,0,0,0,0,0,726865,2022-10-01,1,train
1,0,0,0,0,0,1,1552189,2021-04-01,1,train
0,0,0,0,0,0,1,1512228,2022-07-01,1,train
1,0,0,0,0,0,0,1522690,2019-01-01,1,train
1,0,1,0,0,0,1,1309082,2020-10-01,1,train
0,1,0,0,0,1,0,1600422,2019-04-01,1,train
0,1,0,0,0,0,1,1084475,2020-04-01,1,train
1,0,0,0,0,0,1,1725516,2022-10-01,1,train
0,0,1,0,0,1,0,926282,2023-04-01,1,train
1,0,1,0,0,1,0,1620179,2019-07-01,1,train
0,0,0,0,0,0,1,1841125,2023-04-01,1,train
0,0,0,0,0,0,1,1832136,2022-10-01,1,train
0,0,0,0,0,0,1,1175680,2022-01-01,1,train
1,0,0,0,0,1,1,1715433,2021-07-01,1,train
1,0,0,0,0,0,1,1662382,2020-07-01,1,train
1,0,0,0,0,0,1,1538495,2020-07-01,1,train
0,0,1,0,0,1,1,1871149,2023-04-01,1,train
1,0,1,0,0,0,0,1401521,2023-01-01,1,train
1,0,0,0,0,0,0,1374328,2022-07-01,1,train
0,0,0,0,0,0,0,1451809,2023-04-01,1,train
1,1,1,0,0,1,1,1427570,2023-01-01,1,train
0,0,1,0,0,0,0,926282,2023-01-01,1,train
1,0,0,0,0,0,0,1615063,2023-01-01,1,train
1,1,0,0,0,1,1,728385,2020-04-01,1,train
0,0,1,0,0,1,1,1798562,2023-04-01,1,train
1,0,0,0,0,0,1,1552189,2020-10-01,1,train
0,0,0,0,0,0,0,1861795,2023-01-01,1,train
0,0,1,0,0,0,0,1174940,2023-01-01,1,train
0,0,0,0,0,1,0,1101680,2023-04-01,1,train
1,1,1,0,0,0,0,1467761,2022-07-01,1,train
0,0,1,1,0,0,1,1735707,2021-07-01,1,train
1,0,0,0,0,0,0,1009759,2022-10-01,1,train
1,0,0,0,0,0,0,14846,2020-04-01,1,train
1,1,1,0,0,1,1,1646188,2019-01-01,1,train
0,0,0,0,0,1,1,1556179,2021-10-01,1,train
0,0,1,0,0,0,1,1760689,2021-04-01,1,train
0,1,0,0,0,0,1,1353538,2022-01-01,1,train
0,1,0,0,0,1,1,1858028,2023-04-01,1,train
0,0,0,0,0,0,0,10456,2019-07-01,1,train
0,0,0,0,0,0,0,1005286,2021-10-01,1,train
1,1,1,0,0,0,0,1725872,2021-07-01,1,train
0,0,0,0,0,0,0,1223389,2019-10-01,1,train
0,0,0,0,0,0,0,1036262,2023-04-01,1,train
1,1,1,0,0,1,0,1841408,2022-04-01,1,train
0,0,0,0,0,0,0,818479,2022-01-01,1,train
1,0,0,0,0,0,0,1766352,2021-01-01,1,train
1,0,0,0,0,0,0,923601,2020-10-01,1,train
0,1,0,0,0,0,0,1083522,2023-01-01,1,train
0,0,0,0,0,0,0,48898,2022-10-01,0,train
0,0,1,0,0,0,0,1741231,2020-07-01,0,train
0,0,0,0,0,0,0,1725057,2022-01-01,0,train
0,0,0,0,0,0,0,796343,2022-07-01,0,train
1,0,0,0,0,0,0,1629665,2022-10-01,0,train
1,0,1,0,0,0,0,1785592,2022-07-01,0,train
0,0,0,0,0,0,0,25895,2020-01-01,0,train
1,0,0,0,0,0,0,1034957,2022-01-01,0,train
0,0,1,0,0,1,1,1427925,2023-04-01,0,train
1,1,0,0,0,0,0,919175,2023-01-01,0,train
1,0,1,0,0,1,0,1550603,2021-10-01,0,train
0,0,0,0,0,0,0,1013272,2019-04-01,0,train
0,0,0,0,0,0,0,810332,2019-10-01,0,train
1,1,0,0,0,0,1,1582249,2023-04-01,0,train
0,0,0,0,0,1,0,1875444,2022-07-01,0,train
0,0,0,0,0,0,0,926326,2020-01-01,0,train
0,0,0,0,0,0,0,91576,2022-10-01,0,train
0,0,0,0,0,0,0,1391933,2019-10-01,0,train
1,0,1,0,0,1,1,1566826,2020-01-01,0,train
0,0,0,0,0,0,0,39263,2020-10-01,0,train
0,0,0,0,0,0,0,700923,2019-10-01,0,train
1,1,0,0,0,0,0,1835378,2022-07-01,0,train
0,0,0,0,0,0,0,1620533,2020-10-01,0,train
0,0,0,0,0,0,0,1378946,2022-04-01,0,train
1,0,1,0,0,1,0,889348,2020-07-01,0,train
1,1,0,0,0,0,0,1569994,2021-07-01,0,train
0,0,0,0,0,1,1,1583648,2021-04-01,0,train
0,0,0,0,0,1,0,1239819,2021-01-01,0,train
1,1,0,0,0,0,1,1127475,2021-01-01,0,train
1,1,1,0,0,1,0,1823593,2023-01-01,0,train
0,1,1,0,0,0,0,1762303,2021-01-01,0,train
0,0,1,0,0,0,0,1623613,2022-01-01,0,train
0,0,0,0,0,0,0,1050825,2020-07-01,0,train
0,0,0,0,0,0,0,1556593,2019-04-01,0,train
1,0,1,0,0,1,1,1846235,2023-04-01,0,train
1,1,1,0,0,1,0,1819395,2022-10-01,0,train
1,0,0,0,0,1,0,1474439,2020-07-01,0,train
0,0,0,0,0,0,0,1662774,2020-07-01,0,train
0,0,0,0,0,0,0,6951,2019-10-01,0,train
0,0,0,0,0,0,1,743758,2020-10-01,0,train
0,0,0,0,0,0,0,1050825,2021-10-01,0,train
0,0,0,0,0,0,1,1701859,2020-04-01,0,train
1,1,0,0,0,1,1,1756180,2021-04-01,0,train
0,0,0,0,0,1,1,1399306,2022-01-01,0,train
0,0,0,0,0,0,0,1692951,2022-01-01,0,train
1,1,0,0,0,0,1,797564,2021-07-01,0,train
0,0,0,0,0,0,1,1499849,2021-01-01,0,train
0,0,0,0,0,0,0,819050,2019-07-01,0,train
0,0,1,0,0,1,1,1261249,2023-04-01,0,train
0,0,0,0,0,0,0,1376227,2021-10-01,0,train
1,1,1,0,0,1,0,1708341,2023-04-01,0,train
0,1,0,0,0,0,0,712537,2019-01-01,0,train
0,0,0,0,0,0,0,891166,2019-10-01,0,train
0,0,0,0,0,0,0,1311370,2021-01-01,0,train
0,0,0,0,0,1,0,946563,2020-04-01,0,train
0,0,0,0,0,0,0,1304492,2021-10-01,0,train
1,1,1,0,0,1,1,1507605,2019-01-01,0,train
0,0,0,0,0,0,1,704562,2019-04-01,0,train
1,0,0,0,0,1,1,1746214,2020-07-01,0,train
0,0,0,0,0,0,0,1487952,2022-04-01,0,train
0,0,0,0,0,0,0,1410636,2023-01-01,0,train
0,0,0,0,0,0,0,1569994,2023-01-01,0,train
0,0,0,0,0,0,0,898770,2021-04-01,0,train
0,1,0,0,0,0,1,1694617,2022-01-01,0,train
0,0,0,0,0,0,1,1762303,2022-04-01,0,train
0,0,0,0,0,1,1,1681348,2023-01-01,0,train
0,0,0,0,0,1,0,1656328,2019-04-01,0,train
0,0,0,0,0,0,0,1456189,2019-07-01,0,train
1,0,0,0,0,1,1,1798562,2021-07-01,0,train
1,0,0,0,0,0,0,1680873,2020-10-01,0,train
1,1,0,0,0,0,0,1162283,2022-07-01,0,train
0,1,0,0,0,0,0,1533615,2020-07-01,0,train
0,0,0,0,0,0,0,1468091,2020-07-01,0,train
0,0,0,0,0,0,0,203527,2019-10-01,0,train
0,0,0,0,0,0,0,801337,2022-01-01,0,train
0,0,0,0,0,0,0,1521332,2021-01-01,0,train
0,1,1,0,0,1,0,1819404,2022-04-01,0,train
0,0,0,0,0,0,0,815556,2022-01-01,0,train
0,0,1,1,0,1,1,1784567,2023-04-01,0,train
0,0,0,0,0,1,0,1083446,2020-01-01,0,train
0,0,0,0,0,0,0,1566912,2022-10-01,0,train
1,1,1,0,0,0,1,1604191,2022-07-01,0,train
0,0,0,0,0,0,0,1000209,2022-01-01,0,train
0,0,1,0,0,0,0,1533932,2020-07-01,0,train
0,0,0,0,0,0,0,1038357,2022-01-01,0,train
1,0,0,0,0,1,1,1844419,2023-01-01,0,train
1,0,1,0,0,1,1,1841420,2022-10-01,0,train
0,0,0,0,0,0,1,1388410,2019-07-01,0,train
0,0,0,0,0,0,1,1001907,2019-04-01,0,train
0,0,1,0,0,0,1,1367083,2019-04-01,0,train
0,0,0,0,0,0,0,1422841,2019-01-01,0,train
0,0,0,0,0,0,0,58492,2022-07-01,0,train
1,1,0,0,0,0,1,1253347,2022-07-01,0,train
0,0,0,0,0,0,0,1731831,2021-01-01,0,train
1,0,0,0,0,0,1,1622057,2019-07-01,0,train
0,0,0,0,0,0,0,1504379,2019-07-01,0,train
0,0,0,0,0,0,0,1035092,2020-01-01,0,train
0,0,0,0,0,1,1,1596812,2019-10-01,0,train
1,1,0,0,0,0,0,1479681,2019-04-01,0,train
0,0,0,0,0,0,0,1574291,2019-01-01,0,train
0,0,0,0,0,0,0,1101302,2020-10-01,0,train
1,0,0,0,0,1,1,926423,2021-04-01,0,train
0,0,1,0,0,0,1,895665,2021-07-01,0,train
0,0,0,0,0,0,0,1784567,2021-04-01,0,train
1,0,0,0,0,0,1,1639142,2020-10-01,0,train
0,0,1,0,0,0,0,1130598,2021-07-01,0,train
1,0,1,0,0,1,1,1830795,2023-01-01,0,train
0,0,1,0,0,0,0,922358,2019-10-01,0,train
0,0,0,0,0,0,0,928953,2020-07-01,0,train
1,0,0,0,0,1,0,792987,2021-01-01,0,train
1,1,1,0,0,1,0,1085243,2023-04-01,0,train
0,0,0,0,0,0,0,1567094,2019-10-01,0,train
0,0,0,0,0,0,0,1514743,2019-04-01,0,train
1,0,0,0,0,1,0,889348,2019-04-01,0,train
1,0,0,0,0,0,1,1592782,2019-10-01,0,train
0,0,0,0,0,0,0,91576,2019-04-01,0,train
0,0,1,0,0,0,0,1533932,2020-04-01,0,train
1,0,0,0,0,0,0,1769624,2020-10-01,0,train
1,1,1,0,1,1,0,917523,2020-01-01,0,train
0,0,0,0,0,0,0,1412095,2021-04-01,0,train
1,1,0,0,0,0,1,1626745,2019-01-01,0,train
0,0,0,0,0,0,0,1737953,2022-07-01,0,train
0,0,1,0,0,0,0,894158,2021-10-01,0,train
0,0,1,0,0,0,0,884940,2019-10-01,0,train
0,0,0,0,0,0,0,1493137,2023-01-01,0,train
0,0,0,0,0,0,0,1060391,2019-04-01,0,train
0,0,0,0,0,0,0,1730463,2019-10-01,0,train
0,1,0,0,0,0,0,1792849,2021-10-01,0,train
0,0,1,0,0,0,1,910267,2019-04-01,0,train
0,0,0,0,0,1,0,1239819,2020-10-01,0,train
0,1,0,0,0,0,0,75679,2019-01-01,0,train
1,1,1,0,0,1,1,870826,2023-04-01,0,train
1,0,1,0,0,1,1,1785592,2022-01-01,0,train
0,1,0,0,0,0,0,723646,2020-01-01,0,train
0,0,0,0,0,0,0,1090396,2019-10-01,0,train
0,0,0,0,0,0,0,79879,2020-01-01,0,train
0,0,0,0,0,0,0,907471,2021-04-01,0,train
0,1,0,0,0,0,0,1297937,2021-07-01,0,train
0,0,0,0,0,0,0,1735948,2021-07-01,0,train
0,0,0,0,0,0,1,1596812,2019-04-01,0,train
0,0,0,0,0,0,0,21510,2019-01-01,0,train
0,0,0,0,0,1,1,1839530,2022-10-01,0,train
1,0,1,0,0,1,1,1835856,2023-04-01,0,train
0,0,0,0,0,0,0,1261333,2021-01-01,0,train
0,1,0,0,0,1,0,75679,2019-04-01,0,train
0,1,0,0,0,0,1,1689813,2020-07-01,0,train
1,0,0,0,0,1,1,1590695,2021-07-01,0,train
1,0,0,0,0,1,0,1133062,2021-01-01,0,train
0,0,0,0,0,0,1,1636282,2022-07-01,0,train
1,0,0,0,0,0,0,1381240,2019-01-01,0,train
0,0,0,0,0,0,0,94845,2019-04-01,0,train
1,0,1,0,0,1,0,1866633,2023-04-01,0,train
0,0,0,0,0,0,0,1094084,2019-01-01,0,train
1,0,1,0,0,1,1,1841004,2022-07-01,0,train
0,0,0,0,0,0,1,1516551,2019-01-01,0,train
0,0,0,0,0,1,1,725394,2020-04-01,0,train
0,0,0,0,0,1,0,1579214,2023-01-01,0,train
0,0,0,0,0,1,0,1058811,2022-01-01,0,train
0,0,0,0,0,0,0,1423869,2020-04-01,0,train
0,0,0,0,0,0,0,924805,2019-10-01,0,train
0,0,0,0,0,1,0,1435049,2023-04-01,0,train
0,0,0,0,0,0,0,1466301,2021-01-01,0,train
0,0,0,0,0,0,0,1107421,2019-07-01,0,train
0,1,0,0,0,0,0,1725579,2020-07-01,0,train
0,1,1,0,0,1,1,1836875,2023-04-01,0,train
0,0,0,0,0,1,1,1701114,2022-10-01,0,train
0,0,0,1,0,1,0,1326380,2019-10-01,0,train
0,0,1,0,0,0,0,1236275,2020-01-01,0,train
0,0,0,0,0,0,0,1075531,2021-10-01,0,train
0,0,0,0,0,1,1,1698514,2019-04-01,0,train
1,0,1,0,0,1,1,711665,2019-04-01,0,train
0,0,1,0,0,0,0,1641614,2019-07-01,0,train
0,0,0,0,0,0,0,1506756,2021-10-01,0,train
0,1,0,0,0,1,0,1721386,2021-10-01,0,train
1,0,0,0,0,0,1,1467761,2020-10-01,0,train
1,0,0,0,0,0,0,1784970,2021-07-01,0,train
0,0,0,0,0,0,0,1047862,2023-01-01,0,train
0,0,1,0,0,0,0,943034,2021-04-01,0,train
0,0,0,0,0,0,0,1762459,2023-04-01,0,train
1,0,1,0,0,0,1,924168,2021-01-01,0,train
1,0,0,0,0,0,1,1877461,2022-10-01,0,train
0,0,0,0,0,1,0,907471,2023-01-01,0,train
0,0,0,0,0,0,0,1001171,2020-10-01,0,train
0,0,0,0,0,1,0,1716166,2021-07-01,0,train
0,0,0,0,0,1,1,1636509,2020-01-01,0,train
1,0,0,0,0,1,0,792987,2019-10-01,0,train
0,0,0,0,0,1,0,1501989,2019-07-01,0,train
0,0,0,0,0,0,0,1379527,2021-04-01,0,train
0,0,0,0,0,0,1,1758009,2020-10-01,0,train
0,0,0,0,0,0,0,1175454,2021-07-01,0,train
0,0,0,0,0,0,1,1389518,2023-01-01,0,train
1,0,0,0,0,0,0,1539680,2021-01-01,0,train
0,0,0,0,0,1,0,1834376,2021-10-01,0,train
1,0,0,0,0,0,0,1629665,2023-01-01,0,train
1,0,0,0,0,0,1,1367408,2022-07-01,0,train
1,0,0,0,0,0,1,1494162,2020-04-01,0,train
0,1,0,0,0,0,0,1840776,2023-01-01,0,train
0,0,0,0,0,0,0,1331463,2019-01-01,0,train
1,0,0,0,0,1,1,1282224,2022-04-01,0,train
0,0,0,0,0,0,0,712770,2021-04-01,0,train
0,0,0,0,0,0,0,1560385,2020-01-01,0,train
0,0,0,0,0,0,0,1326732,2020-01-01,0,train
0,0,0,0,0,0,0,894671,2021-07-01,0,train
0,0,0,0,0,0,0,1355444,2019-10-01,0,train
1,0,0,0,0,1,0,1829949,2023-01-01,0,train
0,0,0,0,0,0,0,59527,2023-04-01,0,train
0,0,0,0,0,0,0,1040130,2020-04-01,0,train
0,0,0,0,0,0,0,906345,2023-04-01,0,train
1,1,0,0,0,1,1,728385,2021-10-01,0,train
1,1,0,0,0,1,1,1072842,2022-07-01,0,train
1,0,0,0,0,0,1,1577445,2019-07-01,0,train
0,0,0,0,0,0,1,1746278,2021-01-01,0,train
0,0,0,0,0,0,0,1024095,2021-01-01,0,train
0,0,0,0,0,0,0,1289945,2022-01-01,0,train
1,0,0,0,0,1,1,1830795,2022-07-01,0,train
0,1,0,0,0,0,0,1759824,2021-07-01,0,train
0,1,0,0,0,0,0,1370450,2020-01-01,0,train
1,0,0,0,0,1,1,1709542,2020-10-01,0,train
0,0,0,0,0,0,0,1610950,2022-01-01,0,train
1,0,0,0,0,1,0,84112,2022-01-01,0,train
0,0,1,0,0,0,0,943034,2021-07-01,0,train
0,0,1,0,0,0,0,1024795,2022-10-01,0,train
0,0,0,0,0,1,0,1783407,2023-04-01,0,train
0,0,0,0,0,0,0,1547546,2021-01-01,0,train
1,0,0,0,0,0,0,1597892,2023-04-01,0,train
0,0,0,0,0,0,0,1035267,2023-01-01,0,train
0,0,1,0,0,1,1,1675634,2021-10-01,0,train
0,1,0,0,0,0,1,1025771,2019-07-01,0,train
1,0,0,0,0,1,1,1412659,2020-04-01,0,train
0,0,1,1,0,1,0,1528129,2021-07-01,0,train
0,0,0,0,0,0,1,1389067,2021-04-01,0,train
0,0,0,0,0,1,0,1783407,2021-04-01,0,train
0,0,1,0,0,1,0,1327811,2019-01-01,0,train
1,1,0,0,0,1,1,1643988,2019-10-01,0,train
1,0,0,0,0,1,1,1099132,2023-01-01,0,train
0,0,0,0,0,0,0,24545,2020-07-01,0,train
0,0,0,0,0,0,0,1615063,2019-07-01,0,train
0,0,0,0,0,0,0,1477246,2019-04-01,0,train
0,0,0,0,0,0,0,1583648,2020-01-01,0,train
0,0,0,0,0,0,0,1345126,2019-04-01,0,train
1,0,0,0,0,1,1,1324736,2023-04-01,0,train
0,0,0,0,0,0,0,934612,2019-04-01,0,train
0,0,0,0,0,0,0,1649096,2019-10-01,0,train
0,0,0,0,0,1,0,1784797,2022-04-01,0,train
0,1,0,0,0,1,0,1401521,2019-10-01,0,train
0,0,0,0,0,1,0,1729750,2022-01-01,0,train
0,0,0,0,0,1,0,1766368,2020-10-01,0,train
0,0,0,0,0,0,0,355379,2022-10-01,0,train
0,0,0,0,0,0,0,894671,2023-04-01,0,train
0,0,0,0,0,0,0,72127,2021-01-01,0,train
1,0,1,1,1,0,1,1498301,2022-01-01,0,train
0,0,0,0,0,0,0,1711929,2023-04-01,0,train
0,0,0,0,0,0,1,1008653,2022-04-01,0,train
0,0,0,0,0,0,0,1772253,2023-04-01,0,train
0,0,0,0,0,0,1,827099,2020-01-01,0,train
0,0,0,0,0,1,0,1662774,2020-04-01,0,train
1,1,0,0,0,1,0,949852,2020-10-01,0,train
0,0,0,0,0,0,0,1620463,2022-07-01,0,train
1,1,0,0,0,1,0,1133062,2019-07-01,0,train
0,0,0,0,0,0,0,1084201,2022-10-01,0,train
0,0,0,0,0,0,0,1389545,2021-07-01,0,train
0,0,0,0,0,0,1,1082554,2020-07-01,0,train
0,0,0,0,0,0,0,1045450,2022-10-01,0,train
1,0,0,0,0,0,1,1597892,2021-10-01,0,train
0,0,0,0,0,0,0,1379527,2020-04-01,0,train
0,0,0,0,0,1,0,1725033,2020-10-01,0,train
0,0,0,0,0,0,0,763532,2022-01-01,0,train
0,0,0,0,0,0,0,1579877,2019-07-01,0,train
0,0,0,0,0,0,0,1577445,2022-04-01,0,train
1,0,0,0,0,0,1,1386049,2022-01-01,0,train
0,0,0,0,0,0,0,1840439,2022-04-01,0,train
0,0,0,0,0,1,0,1545772,2023-01-01,0,train
0,0,0,0,0,0,0,1253986,2019-01-01,0,train
0,0,0,0,0,1,0,1654795,2023-01-01,0,train
1,0,0,0,0,1,1,1874474,2023-01-01,0,train
0,0,0,0,0,0,0,1466301,2019-04-01,0,train
1,0,0,0,1,0,0,88948,2019-01-01,0,train
0,0,0,0,0,0,0,1213037,2021-07-01,0,train
0,0,0,0,0,1,0,1512762,2020-04-01,0,train
0,0,0,0,0,0,0,728535,2020-07-01,0,train
1,1,0,0,0,0,0,1518336,2020-10-01,0,train
0,0,0,0,0,0,0,831259,2021-10-01,0,train
1,0,1,0,0,1,1,1841845,2022-04-01,0,train
1,0,0,0,0,1,0,792987,2020-01-01,0,train
1,0,1,0,0,0,0,1355848,2020-10-01,0,train
1,0,0,0,0,1,1,1819496,2022-07-01,0,train
0,0,0,0,0,0,0,1774170,2021-10-01,0,train
0,0,0,0,0,1,0,1327811,2020-07-01,0,train
0,0,0,0,0,0,0,1523836,2019-01-01,0,train
0,0,1,0,0,0,0,1634379,2022-04-01,0,train
0,0,0,0,0,0,0,91576,2020-10-01,0,train
0,0,1,0,0,1,1,1462223,2023-01-01,0,train
0,0,0,0,0,0,0,82811,2020-01-01,0,train
1,0,1,0,0,1,0,1820721,2023-01-01,0,train
0,1,0,0,1,0,0,310354,2021-07-01,0,train
1,1,0,0,0,0,0,1019034,2022-10-01,0,train
0,0,0,0,0,0,0,1368757,2019-01-01,0,train
0,1,0,0,0,0,0,913241,2020-07-01,0,train
1,0,1,0,0,1,0,1840317,2023-04-01,0,train
0,0,0,0,0,0,1,1610618,2021-10-01,0,train
0,1,0,0,0,0,1,798528,2023-07-01,1,test
0,0,0,0,0,0,1,1841125,2023-07-01,1,test
0,1,0,0,0,1,1,1870143,2024-01-01,1,test
0,0,1,0,0,1,1,1758009,2024-04-01,1,test
0,1,0,0,0,0,0,1325670,2023-10-01,1,test
0,0,0,0,0,0,0,1478454,2024-10-01,1,test
0,0,0,0,0,1,0,1503274,2024-04-01,1,test
1,0,0,0,0,0,1,1879814,2023-10-01,1,test
1,1,0,0,0,1,1,1832161,2023-10-01,1,test
1,0,1,0,0,0,0,1869673,2024-04-01,1,test
1,0,0,0,0,0,1,1293971,2023-07-01,1,test
0,0,0,0,0,0,0,845385,2024-07-01,1,test
0,0,1,0,0,1,0,1501756,2024-10-01,1,test
1,1,1,0,0,0,0,1807887,2024-07-01,1,test
1,1,0,0,0,0,1,1394638,2025-01-01,1,test
1,1,0,0,0,0,0,1058811,2025-04-01,1,test
1,1,1,0,0,1,1,1729944,2024-07-01,1,test
0,0,0,0,0,0,0,730272,2023-10-01,1,test
0,0,0,0,0,1,0,1936258,2024-01-01,1,test
1,0,1,1,0,0,1,1417926,2024-07-01,1,test
0,0,1,0,0,0,1,1798562,2024-01-01,1,test
0,1,0,0,0,0,0,1414953,2024-07-01,1,test
1,1,0,0,0,1,0,1342936,2024-07-01,1,test
1,0,1,0,0,0,1,1527728,2024-04-01,1,test
0,1,0,0,0,0,0,1891101,2023-07-01,1,test
0,0,0,0,0,0,0,1478454,2024-04-01,1,test
1,0,0,0,0,0,1,1391426,2024-07-01,1,test
1,0,1,1,0,0,1,1417926,2023-10-01,1,test
0,0,0,0,0,1,0,1083743,2024-01-01,1,test
0,1,0,0,0,0,0,1681206,2024-07-01,1,test
1,1,1,0,0,1,1,1798270,2024-01-01,1,test
0,0,1,0,0,1,1,1735948,2024-04-01,1,test
1,0,1,1,0,0,1,1417926,2024-04-01,1,test
1,0,1,0,0,1,1,1509223,2025-04-01,1,test
0,0,0,0,0,0,0,72573,2024-10-01,1,test
1,0,0,0,0,0,1,1860484,2025-04-01,1,test
1,0,0,0,0,0,1,1383088,2025-01-01,1,test
0,0,0,0,0,0,0,704562,2023-10-01,1,test
1,1,0,0,0,0,0,1622879,2024-07-01,1,test
0,0,0,0,0,0,0,352825,2024-10-01,1,test
1,0,0,0,0,1,1,1844793,2023-10-01,1,test
0,0,0,0,0,0,0,1451809,2023-10-01,1,test
1,0,1,0,0,0,1,1083301,2023-07-01,1,test
1,0,1,0,0,0,0,1807887,2023-10-01,1,test
1,0,0,0,0,0,0,827871,2023-07-01,1,test
0,0,1,0,0,0,1,910267,2024-01-01,1,test
1,1,0,0,0,0,1,1530163,2024-01-01,1,test
1,1,1,0,0,1,1,1895249,2025-01-01,1,test
0,0,1,0,0,1,1,1279704,2024-01-01,1,test
1,0,0,0,0,0,1,1723059,2024-07-01,1,test
0,0,0,0,0,1,0,1620280,2024-10-01,1,test
0,0,1,0,0,1,1,1803914,2024-01-01,1,test
1,1,0,0,0,1,1,1342916,2024-10-01,1,test
0,0,1,0,0,0,1,1610618,2023-07-01,1,test
0,0,0,0,0,0,0,1866550,2023-10-01,1,test
1,0,0,1,0,1,1,1413754,2024-10-01,1,test
1,0,1,0,0,0,1,8504,2024-01-01,1,test
0,0,0,0,0,0,0,1967306,2024-04-01,1,test
1,1,1,0,0,1,1,1881551,2025-01-01,1,test
0,1,0,0,0,0,1,1540684,2024-07-01,1,test
0,0,0,0,0,0,0,72573,2025-04-01,1,test
0,0,1,0,0,0,1,1814215,2024-01-01,1,test
0,1,0,0,0,1,0,1069183,2024-10-01,1,test
0,0,0,0,0,0,0,777917,2024-04-01,1,test
0,0,0,0,0,1,0,1872525,2024-04-01,1,test
0,0,1,0,0,0,1,1636282,2024-01-01,1,test
0,0,0,0,0,1,0,1829280,2025-01-01,1,test
1,0,1,0,0,1,0,1162461,2023-10-01,1,test
1,0,0,0,0,0,1,1877461,2024-07-01,1,test
0,1,0,0,0,1,1,1941536,2024-01-01,1,test
0,0,0,0,0,0,0,907471,2024-10-01,1,test
1,0,1,0,0,0,1,1845149,2024-10-01,1,test
1,0,1,0,0,0,1,1389067,2025-01-01,1,test
1,0,0,0,0,1,0,1893311,2024-04-01,1,test
1,1,1,0,0,0,1,1757499,2024-04-01,1,test
1,1,0,0,0,1,0,1590496,2023-10-01,1,test
0,0,0,0,0,0,0,1345126,2025-01-01,1,test
1,0,1,0,0,0,1,1896212,2023-10-01,1,test
0,0,0,0,0,0,0,1823587,2023-10-01,1,test
1,1,1,1,0,0,1,1648087,2024-10-01,1,test
0,0,0,0,0,0,0,1141197,2023-07-01,1,test
0,0,0,0,0,0,0,1415311,2024-01-01,1,test
0,0,0,0,0,0,0,1681206,2024-01-01,1,test
1,0,0,0,0,0,0,1590496,2024-07-01,1,test
0,1,0,0,0,0,1,1117057,2024-01-01,1,test
1,0,1,0,0,0,1,1009759,2023-07-01,1,test
1,1,1,0,0,1,1,1906133,2024-10-01,1,test
0,0,0,0,0,1,0,1662991,2025-04-01,1,test
1,0,1,0,0,1,0,1162461,2023-07-01,1,test
0,0,0,0,0,0,1,1894630,2023-10-01,1,test
0,0,0,0,0,0,0,1556593,2023-10-01,1,test
1,1,0,0,0,1,0,1462120,2025-07-01,1,test
0,0,0,0,0,0,1,1792941,2023-10-01,1,test
1,0,0,0,0,1,0,1880613,2024-04-01,1,test
0,0,1,0,0,0,0,1636282,2024-04-01,1,test
1,0,0,0,0,1,0,1803914,2023-07-01,1,test
0,0,1,0,0,0,1,1814215,2024-04-01,1,test
0,0,1,0,0,1,1,1808898,2025-01-01,1,test
0,0,1,0,0,0,1,1403708,2024-04-01,1,test
1,0,1,0,0,0,1,1885461,2024-04-01,1,test
0,0,0,0,0,0,0,1035092,2023-10-01,1,test
1,1,1,0,0,1,0,1883788,2024-10-01,1,test
1,0,1,0,0,0,1,1648087,2024-04-01,1,test
0,0,0,0,0,1,0,1875444,2023-07-01,1,test
0,0,0,0,0,0,0,1823239,2024-10-01,1,test
0,0,1,0,0,0,1,1865506,2024-04-01,1,test
1,0,1,0,0,0,1,1527728,2024-01-01,1,test
1,1,1,0,0,0,0,1397183,2024-07-01,1,test
1,1,1,0,0,1,1,1410428,2023-10-01,1,test
1,1,1,0,0,1,0,1880613,2024-10-01,1,test
0,0,0,0,0,1,0,1893311,2023-10-01,1,test
0,0,0,0,0,0,0,1556593,2024-01-01,1,test
0,0,0,0,0,0,0,777917,2024-07-01,1,test
0,0,0,0,0,0,0,1393612,2024-07-01,1,test
1,1,0,0,0,0,0,1843724,2023-10-01,1,test
0,0,1,0,0,1,1,1825473,2023-07-01,1,test
0,0,1,0,0,1,1,1874097,2025-04-01,1,test
1,0,1,0,0,0,0,1828937,2024-10-01,1,test
1,1,0,0,0,1,0,1449792,2023-07-01,1,test
0,0,0,0,0,0,1,1230524,2023-07-01,1,test
0,0,0,0,0,0,0,1466026,2024-07-01,1,test
1,0,1,0,0,0,1,1879814,2024-07-01,1,test
1,1,0,0,0,0,1,1687926,2024-04-01,1,test
1,1,1,0,0,0,1,1769624,2023-07-01,1,test
1,1,0,0,0,1,0,810332,2023-07-01,1,test
0,1,0,0,0,1,1,798528,2023-10-01,1,test
0,0,1,0,0,1,1,1964979,2025-04-01,1,test
1,1,1,0,0,0,0,1784970,2024-04-01,1,test
1,1,0,0,0,0,1,1342936,2025-01-01,1,test
0,0,0,0,0,0,1,1540684,2024-01-01,1,test
1,0,1,0,0,1,1,1889450,2024-07-01,1,test
1,1,1,0,0,0,0,854800,2023-10-01,1,test
1,1,1,0,0,0,1,1893219,2025-04-01,1,test
1,1,1,0,0,1,0,810332,2024-01-01,1,test
1,0,0,0,0,0,0,1335112,2024-01-01,1,test
0,0,0,0,0,1,1,1367644,2023-10-01,1,test
1,0,1,0,0,1,0,1788717,2023-07-01,1,test
0,1,0,0,0,0,0,1445815,2024-07-01,1,test
0,0,0,0,0,0,0,1340122,2024-01-01,1,test
0,1,0,0,0,0,1,1643154,2023-10-01,1,test
0,1,0,0,0,0,1,1742927,2024-01-01,1,test
0,0,0,0,0,0,0,1345126,2025-04-01,1,test
1,1,0,0,0,0,1,1803977,2025-04-01,1,test
0,1,0,0,0,0,1,1742927,2023-10-01,1,test
1,0,0,0,0,0,1,1661039,2024-04-01,1,test
1,1,0,0,0,0,1,1131903,2024-10-01,1,test
1,1,1,0,0,1,1,1807887,2024-01-01,1,test
0,0,0,0,0,1,1,1133311,2023-07-01,1,test
0,0,0,0,0,0,0,911147,2025-07-01,1,test
0,1,0,0,0,1,0,914122,2024-07-01,1,test
1,1,1,0,0,0,0,1355848,2024-01-01,1,test
0,0,1,0,0,0,1,910267,2023-10-01,1,test
0,1,0,0,0,1,1,1117057,2024-04-01,1,test
0,0,0,0,0,0,0,1036262,2024-01-01,1,test
1,0,0,0,0,0,0,899394,2023-10-01,1,test
0,0,0,0,0,0,0,1828673,2024-01-01,1,test
1,0,0,0,0,0,1,1873441,2024-01-01,1,test
0,0,1,0,0,0,0,1636282,2024-10-01,1,test
1,0,0,0,0,0,1,1393781,2024-04-01,1,test
0,0,1,0,0,1,1,1964979,2025-01-01,1,test
0,1,0,0,0,1,1,1445815,2024-10-01,1,test
0,0,1,0,0,1,0,1501756,2024-07-01,1,test
0,0,0,0,0,0,0,1628808,2024-10-01,1,test
1,0,0,0,0,1,0,1721741,2024-07-01,1,test
0,0,0,0,0,0,0,730272,2024-01-01,1,test
1,0,0,0,0,0,1,1413891,2023-10-01,1,test
1,0,1,0,0,1,1,1885461,2024-07-01,1,test
0,0,0,0,0,1,0,1438943,2024-10-01,1,test
0,0,0,0,0,0,0,1423869,2025-01-01,1,test
1,1,1,0,0,1,1,1883788,2024-07-01,1,test
0,1,0,0,0,0,0,1552800,2023-07-01,1,test
0,0,0,0,0,0,1,1293971,2023-10-01,1,test
0,1,1,0,0,1,0,1785424,2023-10-01,1,test
0,0,0,0,1,0,0,1959348,2024-10-01,1,test
1,0,0,0,0,1,1,1721741,2024-10-01,1,test
0,1,1,0,0,1,1,1874097,2025-07-01,1,test
0,0,0,0,0,1,0,1503274,2024-01-01,1,test
1,1,1,0,0,1,1,1895249,2024-07-01,1,test
1,0,0,0,0,0,1,1681556,2023-07-01,1,test
1,0,0,0,0,1,0,1774170,2023-07-01,1,test
0,1,1,0,0,0,1,1883984,2024-04-01,1,test
1,1,0,0,0,1,1,1342916,2024-07-01,1,test
0,0,0,0,0,0,0,1556727,2024-04-01,1,test
1,0,0,0,0,0,1,895665,2023-07-01,1,test
0,1,0,0,0,0,0,1434647,2023-07-01,1,test
0,0,0,0,0,1,0,1571329,2024-04-01,1,test
0,0,1,0,0,1,1,926617,2023-10-01,1,test
0,0,0,0,0,1,1,1735948,2024-01-01,1,test
0,0,0,0,0,0,0,7084,2024-01-01,1,test
0,0,0,0,0,1,0,874761,2024-04-01,1,test
0,0,0,0,0,1,0,1040130,2023-07-01,1,test
0,0,1,0,0,1,1,1825473,2023-10-01,1,test
0,0,1,0,0,0,1,1477246,2024-01-01,1,test
0,0,0,0,0,1,0,1802156,2024-04-01,1,test
1,1,0,0,0,1,0,1404281,2025-01-01,1,test
0,0,0,0,0,0,1,1894630,2024-04-01,1,test
1,0,0,0,0,0,1,1758009,2023-10-01,1,test
1,1,1,0,0,0,1,1621672,2023-10-01,1,test
0,1,0,0,0,1,1,1839341,2025-04-01,1,test
0,1,0,0,0,1,0,88000,2025-01-01,1,test
1,0,0,0,0,0,0,1137547,2025-04-01,0,test
1,0,1,0,0,1,0,1830180,2023-07-01,0,test
1,0,0,0,0,0,1,1822372,2024-01-01,0,test
1,0,0,0,0,0,0,1861795,2024-10-01,0,test
0,0,1,0,0,0,0,1383414,2023-07-01,0,test
1,0,1,0,0,0,1,1597846,2025-07-01,0,test
0,0,0,0,0,1,0,1818331,2025-01-01,0,test
0,0,1,0,0,1,1,1527096,2024-01-01,0,test
0,0,0,0,0,0,0,1412095,2025-07-01,0,test
0,1,0,0,0,1,0,1934642,2024-04-01,0,test
0,0,0,0,0,0,0,1746618,2024-07-01,0,test
0,0,0,0,0,0,0,1690437,2023-07-01,0,test
1,0,1,0,0,1,1,1083301,2024-04-01,0,test
0,0,0,0,0,1,0,1824920,2024-04-01,0,test
0,0,0,0,0,0,0,1498547,2023-10-01,0,test
1,0,1,0,0,1,1,1841610,2025-01-01,0,test
0,0,0,0,0,0,0,1392380,2023-07-01,0,test
0,1,0,0,0,0,1,1516551,2024-01-01,0,test
0,1,0,0,0,0,0,1771951,2024-07-01,0,test
0,0,0,0,0,1,1,894158,2025-04-01,0,test
0,0,1,0,0,0,0,355379,2024-04-01,0,test
0,0,0,0,0,0,0,1289237,2024-01-01,0,test
0,0,1,0,0,0,0,1576263,2024-07-01,0,test
0,0,1,0,0,0,0,1422892,2024-07-01,0,test
0,0,0,0,0,0,1,1684688,2025-01-01,0,test
0,0,0,0,0,1,0,1873213,2025-07-01,0,test
1,0,1,0,0,1,1,1849635,2023-07-01,0,test
0,0,1,0,0,0,1,1533040,2023-07-01,0,test
0,1,1,0,0,0,1,1878313,2024-04-01,0,test
0,0,1,0,0,0,1,1871745,2023-10-01,0,test
0,0,0,0,0,0,0,94845,2024-01-01,0,test
1,0,1,0,0,1,1,1834518,2024-10-01,0,test
0,0,0,0,0,0,0,1618921,2024-01-01,0,test
0,0,1,0,0,0,1,1728328,2025-04-01,0,test
0,0,0,0,0,0,0,911147,2023-07-01,0,test
0,0,0,0,0,0,0,1411207,2025-07-01,0,test
1,0,0,0,0,0,0,1518336,2023-07-01,0,test
0,0,0,0,0,1,0,1883685,2024-04-01,0,test
0,0,0,0,0,0,0,1813814,2024-01-01,0,test
1,0,0,0,0,1,1,1099132,2025-01-01,0,test
0,0,0,0,0,0,0,41719,2023-10-01,0,test
0,0,0,0,0,0,1,1944212,2025-04-01,0,test
0,0,0,0,0,0,0,730272,2023-07-01,0,test
1,1,1,0,0,1,1,1673481,2025-07-01,0,test
0,0,0,0,0,0,0,1832466,2023-10-01,0,test
1,1,1,0,0,1,0,709283,2025-01-01,0,test
0,0,0,0,0,0,0,1393883,2023-07-01,0,test
1,0,0,0,0,0,0,885462,2024-01-01,0,test
0,0,0,0,0,0,1,1893325,2024-07-01,0,test
1,1,1,0,0,1,1,1840877,2024-04-01,0,test
0,0,0,0,0,0,0,707179,2025-04-01,0,test
0,0,0,0,0,0,0,20212,2023-07-01,0,test
1,0,0,0,0,1,0,833444,2025-01-01,0,test
0,1,0,0,0,0,1,1696195,2024-01-01,0,test
1,1,0,0,0,0,0,709005,2025-07-01,0,test
0,0,0,0,0,0,0,922358,2023-10-01,0,test
0,0,0,0,0,0,0,1792849,2023-07-01,0,test
1,1,0,0,0,1,1,811222,2023-07-01,0,test
1,0,0,0,0,0,1,1471781,2024-04-01,0,test
1,0,0,0,0,1,1,1639142,2023-07-01,0,test
1,1,0,0,0,0,1,1471781,2023-07-01,0,test
0,0,0,0,0,0,0,1067294,2025-07-01,0,test
0,0,0,0,0,0,1,1296484,2025-04-01,0,test
1,0,0,0,0,1,1,720154,2025-07-01,0,test
0,1,0,0,0,0,0,1053691,2023-10-01,0,test
0,0,0,0,0,0,0,845698,2024-04-01,0,test
1,0,1,0,0,1,1,1841867,2024-01-01,0,test
0,0,0,0,0,1,0,86312,2025-04-01,0,test
0,0,0,0,0,1,1,1867287,2024-10-01,0,test
0,0,0,0,0,1,1,1875547,2024-07-01,0,test
0,0,1,0,0,1,1,1697532,2024-04-01,0,test
1,0,0,0,0,1,1,1639142,2024-04-01,0,test
1,1,1,0,0,1,1,1083743,2025-07-01,0,test
0,0,1,0,0,1,0,1816017,2024-04-01,0,test
0,0,1,0,0,0,1,1870778,2025-01-01,0,test
0,0,0,0,0,0,0,749660,2024-04-01,0,test
0,0,1,0,0,1,0,1820566,2025-01-01,0,test
1,0,0,0,0,0,1,1324736,2023-10-01,0,test
0,0,0,0,0,0,0,1031296,2024-10-01,0,test
1,0,1,0,0,0,1,1860484,2024-01-01,0,test
0,0,1,0,0,1,0,1810182,2025-07-01,0,test
1,0,0,0,0,0,0,1683131,2024-01-01,0,test
0,0,1,0,0,1,1,1818089,2025-01-01,0,test
0,1,0,0,0,0,0,894671,2025-01-01,0,test
1,0,1,0,0,0,1,1820875,2024-10-01,0,test
1,0,1,0,0,0,1,1896212,2024-10-01,0,test
1,0,0,0,0,0,0,1325670,2024-04-01,0,test
1,0,0,0,0,0,1,1597892,2023-07-01,0,test
1,0,0,0,0,0,1,1622244,2023-10-01,0,test
1,0,1,0,0,0,0,1708341,2025-07-01,0,test
0,0,0,0,0,0,0,824142,2025-07-01,0,test
0,0,0,0,0,1,0,1698514,2025-01-01,0,test
1,0,0,0,0,0,1,1131903,2023-07-01,0,test
1,1,0,0,0,0,1,1592782,2024-07-01,0,test
0,0,0,0,0,0,0,1172222,2024-07-01,0,test
1,0,1,0,0,0,1,1662574,2024-10-01,0,test
1,0,1,0,0,1,1,1837344,2023-07-01,0,test
0,0,0,0,0,0,1,1590695,2025-04-01,0,test
1,1,1,0,0,0,0,885462,2025-01-01,0,test
0,0,0,0,0,1,0,1876766,2025-04-01,0,test
1,0,1,0,0,0,1,1662684,2025-01-01,0,test
0,0,0,1,0,0,0,1567892,2023-07-01,0,test
0,0,0,0,0,1,0,1824920,2025-07-01,0,test
1,0,1,0,0,0,1,1879221,2024-01-01,0,test
0,0,0,1,0,0,0,64803,2024-07-01,0,test
0,0,0,0,0,0,0,831259,2025-07-01,0,test
1,0,1,0,0,0,0,943034,2023-10-01,0,test
0,0,0,0,0,0,0,1496963,2023-07-01,0,test
0,1,0,0,0,1,0,1898795,2024-01-01,0,test
0,0,0,0,0,0,0,1772253,2023-10-01,0,test
0,0,0,0,0,0,1,1137091,2025-07-01,0,test
0,0,0,0,0,0,0,64803,2025-07-01,0,test
1,0,0,0,0,1,1,1468091,2025-04-01,0,test
0,0,0,1,0,1,1,1538217,2025-01-01,0,test
0,0,1,0,0,1,1,1191070,2025-04-01,0,test
0,0,0,0,0,0,0,1467858,2024-04-01,0,test
0,0,0,0,0,0,0,821130,2023-10-01,0,test
1,0,1,0,0,0,1,1802450,2025-07-01,0,test
0,0,0,0,0,0,0,1664740,2024-10-01,0,test
0,0,0,0,0,0,0,763532,2025-01-01,0,test
0,0,1,0,0,1,0,1522602,2024-01-01,0,test
0,0,0,0,0,0,0,1412502,2025-01-01,0,test
1,0,0,0,0,1,1,1570937,2023-07-01,0,test
1,0,1,0,0,0,1,1662684,2024-07-01,0,test
0,1,0,0,0,0,0,1761325,2024-07-01,0,test
0,0,0,0,0,0,0,763563,2024-04-01,0,test
0,0,0,0,0,1,0,1688568,2023-07-01,0,test
0,0,0,0,0,0,0,1595527,2025-01-01,0,test
0,0,0,0,0,0,0,1023514,2024-10-01,0,test
0,0,1,0,0,1,0,1823587,2025-04-01,0,test
0,0,0,0,0,0,0,56978,2023-07-01,0,test
0,0,0,0,0,1,1,1836190,2024-01-01,0,test
1,1,1,0,0,0,1,1213660,2025-01-01,0,test
1,0,1,0,0,1,1,1826855,2023-10-01,0,test
0,0,0,0,0,1,0,1835385,2023-10-01,0,test
0,0,0,0,0,0,0,1068851,2024-04-01,0,test
0,0,0,0,0,1,1,894158,2024-10-01,0,test
1,1,1,0,0,1,1,1279704,2025-04-01,0,test
1,1,1,0,0,1,1,1698530,2024-01-01,0,test
1,1,1,0,0,1,1,1861449,2024-04-01,0,test
1,0,1,0,0,1,1,1837344,2024-07-01,0,test
0,0,0,0,0,0,0,1612630,2025-07-01,0,test
1,0,0,0,0,1,1,1593549,2025-01-01,0,test
0,0,0,0,0,0,0,1080709,2023-10-01,0,test
0,0,0,0,0,1,1,1205059,2024-10-01,0,test
0,0,0,0,0,0,0,1643615,2025-01-01,0,test
1,1,0,0,0,0,1,1530163,2023-07-01,0,test
1,1,0,0,0,0,1,1656501,2024-07-01,0,test
0,0,0,0,0,1,0,1977102,2025-01-01,0,test
0,0,0,0,0,0,0,1809587,2023-10-01,0,test
1,1,1,0,0,1,1,1849635,2023-10-01,0,test
0,0,0,0,0,1,0,1643615,2024-04-01,0,test
0,0,0,0,0,0,0,1409970,2023-07-01,0,test
1,1,0,0,0,1,1,1558740,2025-07-01,0,test
0,0,0,0,0,1,1,1622057,2023-07-01,0,test
1,0,1,0,0,0,1,1820201,2023-07-01,0,test
0,0,0,0,0,1,0,1734005,2024-01-01,0,test
1,1,0,0,0,1,1,1539680,2023-10-01,0,test
1,1,0,0,0,0,1,1444839,2025-07-01,0,test
0,0,0,0,0,0,0,1504379,2025-04-01,0,test
1,0,0,0,0,1,0,1786205,2023-07-01,0,test
0,0,0,0,0,0,0,352991,2023-07-01,0,test
0,1,1,0,0,0,0,1650101,2024-01-01,0,test
0,0,0,0,0,1,0,1870258,2024-10-01,0,test
0,0,0,0,0,0,0,1455741,2025-04-01,0,test
1,0,0,0,0,1,0,1435812,2025-07-01,0,test
0,0,0,0,0,1,0,1745114,2023-10-01,0,test
0,0,0,0,0,0,0,1518621,2025-07-01,0,test
0,0,0,0,0,1,1,1822829,2025-01-01,0,test
0,0,0,0,0,0,0,886982,2024-10-01,0,test
0,0,0,0,1,0,0,1639691,2025-01-01,0,test
1,0,1,0,0,1,0,1635077,2025-07-01,0,test
0,1,1,0,0,0,0,1883814,2024-01-01,0,test
0,0,0,0,0,0,1,34285,2023-10-01,0,test
1,0,0,0,0,0,0,66600,2023-07-01,0,test
0,0,1,0,0,1,1,1852940,2024-01-01,0,test
0,0,1,0,0,0,0,1372514,2025-07-01,0,test
0,1,0,0,0,0,0,894671,2025-07-01,0,test
1,0,1,0,0,1,0,1880613,2023-07-01,0,test
1,0,0,0,0,0,0,1861795,2024-07-01,0,test
0,0,0,0,0,0,0,1519061,2025-04-01,0,test
1,1,0,0,0,0,1,1134765,2023-10-01,0,test
0,0,0,0,0,0,0,1642122,2025-01-01,0,test
0,0,0,0,0,1,1,1713539,2025-01-01,0,test
1,0,1,0,0,0,1,1527728,2023-07-01,0,test
0,0,0,0,0,0,0,1550913,2024-01-01,0,test
0,0,0,0,0,1,0,1094084,2024-01-01,0,test
0,0,0,0,0,0,0,14846,2023-10-01,0,test
1,0,0,0,0,0,0,913241,2025-01-01,0,test
1,0,0,0,0,0,1,826253,2024-10-01,0,test
0,0,0,0,0,0,0,1613103,2024-07-01,0,test
1,1,1,0,0,0,0,1840317,2025-01-01,0,test
1,1,0,0,0,1,1,889353,2025-07-01,0,test
1,0,0,0,0,1,1,1874474,2023-07-01,0,test
1,1,0,0,0,1,1,1265521,2025-04-01,0,test
1,1,1,0,0,1,1,1427570,2023-07-01,0,test
0,0,0,0,0,0,0,1521332,2023-07-01,0,test
0,0,0,0,0,0,0,898173,2025-04-01,0,test
1,1,1,0,0,0,0,922612,2023-07-01,0,test
0,0,1,0,0,1,1,1824293,2025-04-01,0,test
1,0,0,0,0,0,0,354707,2024-01-01,0,test
0,0,0,0,0,1,0,1775898,2025-07-01,0,test
0,0,0,0,0,0,0,315852,2024-04-01,0,test
0,0,0,0,0,0,0,1191070,2024-04-01,0,test
0,0,0,0,0,0,0,916540,2024-01-01,0,test
1,1,0,0,0,0,1,1109486,2024-07-01,0,test
1,0,1,0,0,1,1,23197,2025-01-01,0,test
0,0,0,0,0,0,0,1938534,2024-07-01,0,test
0,0,0,0,0,0,0,1417398,2024-04-01,0,test
0,0,1,0,0,0,1,1692415,2025-04-01,0,test
0,0,0,0,0,0,0,1766368,2024-01-01,0,test
0,0,0,0,0,0,0,1261333,2023-10-01,0,test
0,0,0,0,0,0,1,908732,2024-01-01,0,test
1,0,0,0,0,0,1,1393781,2024-07-01,0,test
0,0,0,0,0,0,0,1567514,2023-07-01,0,test
0,0,0,0,0,1,1,1540013,2025-01-01,0,test
0,0,0,0,0,0,0,792987,2025-01-01,0,test
0,0,0,0,0,0,0,723646,2025-01-01,0,test
1,1,1,0,0,1,0,1041657,2024-04-01,0,test
0,0,0,0,0,1,1,1841137,2024-10-01,0,test
0,0,0,0,0,0,0,1143513,2024-07-01,0,test
0,0,0,0,0,0,0,277509,2023-07-01,0,test
0,0,1,0,0,0,1,1659323,2024-07-01,0,test
0,0,0,0,0,0,0,876167,2024-01-01,0,test
0,1,0,0,0,0,0,1001907,2024-07-01,0,test
0,1,0,0,0,0,0,1083522,2024-01-01,0,test
1,1,0,0,0,1,1,1589361,2025-04-01,0,test
1,0,0,0,0,1,1,1847846,2025-04-01,0,test
1,0,1,1,0,1,1,1551693,2024-10-01,0,test
0,0,1,0,0,0,0,1834342,2023-07-01,0,test
0,1,1,0,0,1,1,1721484,2025-04-01,0,test
0,0,0,0,0,0,0,763532,2023-10-01,0,test
1,0,1,0,0,1,1,1849548,2024-01-01,0,test
0,1,1,0,0,1,1,1731289,2024-07-01,0,test
0,0,0,0,0,0,0,1341766,2023-10-01,0,test
1,0,0,0,0,0,1,764630,2024-01-01,0,test
1,1,0,0,0,0,1,1342936,2025-07-01,0,test
1,0,0,0,0,1,1,1537561,2023-10-01,0,test
1,1,1,0,0,1,0,1823652,2023-10-01,0,test
1,1,1,0,0,1,0,868278,2025-07-01,0,test
0,0,0,0,0,0,0,1792849,2025-07-01,0,test
0,0,0,0,0,0,1,1340243,2024-01-01,0,test
0,0,0,0,0,0,0,728535,2023-10-01,0,test
1,0,0,0,0,0,1,1623590,2024-04-01,0,test
0,0,0,0,0,1,1,1054102,2024-04-01,0,test
0,0,0,0,0,0,0,1227265,2025-07-01,0,test
0,0,0,0,0,0,0,1123596,2024-10-01,0,test
0,0,0,0,0,1,0,1336917,2025-04-01,0,test
1,1,0,0,0,0,1,1929231,2024-04-01,0,test
1,0,1,0,0,1,1,1852736,2025-04-01,0,test
0,1,0,0,0,0,0,3545,2024-10-01,0,test
1,1,0,0,0,0,1,1518336,2024-10-01,0,test
0,0,0,0,0,1,1,1822829,2023-10-01,0,test
0,0,0,0,0,0,0,1618921,2025-04-01,0,test
1,0,1,0,0,1,1,1853436,2024-04-01,0,test
0,0,0,0,0,0,0,945841,2024-07-01,0,test
1,0,0,0,0,1,1,1468091,2024-01-01,0,test
0,0,0,0,0,0,0,1735707,2023-10-01,0,test
1,0,1,1,0,1,1,1854963,2024-07-01,0,test
1,0,1,0,0,1,1,1830795,2024-01-01,0,test
1,1,1,0,0,0,1,1467761,2024-10-01,0,test
0,1,0,0,0,0,0,1058811,2023-07-01,0,test
1,0,1,0,1,1,1,1819395,2025-01-01,0,test
0,0,0,0,0,0,0,1324948,2025-04-01,0,test
0,0,0,0,0,0,0,1840706,2024-10-01,0,test
0,0,0,0,0,0,0,21535,2023-07-01,0,test
0,0,0,0,0,0,0,716314,2023-10-01,0,test
0,0,0,0,0,0,0,1792781,2025-01-01,0,test
1,0,1,0,0,0,1,1975940,2025-07-01,0,test
0,0,0,0,0,0,0,1732845,2024-01-01,0,test
1,0,1,0,0,1,1,1007019,2024-04-01,0,test
1,0,0,0,0,0,1,1552189,2023-10-01,0,test
1,1,1,0,0,1,1,1861449,2024-07-01,0,test
1,0,1,0,0,1,1,1788841,2025-01-01,0,test
1,1,1,0,0,1,1,862861,2023-07-01,0,test
0,0,0,0,0,0,0,1090009,2024-10-01,0,test
0,0,1,0,0,1,1,1828673,2024-07-01,0,test
0,0,0,0,0,0,0,1792849,2025-01-01,0,test
1,0,1,0,0,0,1,1866226,2025-01-01,0,test
0,0,0,0,0,0,0,1794515,2024-07-01,0,test
0,0,0,0,0,0,0,1661053,2025-01-01,0,test
0,0,0,0,0,0,0,1883685,2025-07-01,0,test
0,0,0,0,0,0,0,1737953,2024-07-01,0,test
0,0,1,0,0,0,0,928658,2024-10-01,0,test
0,0,0,0,0,0,0,1851112,2024-07-01,0,test
1,0,1,0,1,0,0,1464790,2025-04-01,0,test
1,0,0,0,0,0,0,744825,2025-04-01,0,test
0,0,0,0,0,0,0,811641,2025-07-01,0,test
1,0,1,0,0,0,1,1894057,2025-07-01,0,test
1,1,1,0,0,1,0,854800,2024-10-01,0,test
1,0,1,0,0,1,1,1735948,2025-01-01,0,test
1,1,1,0,0,1,0,854800,2024-01-01,0,test
0,0,0,0,0,0,0,1006281,2024-07-01,0,test
0,0,0,0,0,0,0,1326732,2023-07-01,0,test
0,0,0,0,0,0,0,1645873,2025-04-01,0,test
1,0,0,0,0,1,0,1730463,2024-07-01,0,test
0,0,0,0,0,1,0,949157,2024-07-01,0,test
0,1,1,0,0,0,1,1293818,2023-07-01,0,test
0,0,0,0,0,1,0,1948368,2024-04-01,0,test
0,0,0,0,0,0,0,934612,2025-04-01,0,test
